Store No,Store Name,Address,formatted_address_google,location_lat,location_lng,Coordinate
105,FamilyMart Jonker Street,"No 127, Jalan Hang Jebat, 75200 Melaka.","No. 127, Jalan Hang Jebat, 75200 Melaka, Malaysia",2.19768,102.2454038,"2.19768, 102.2454038"
106,FamilyMart Mutiara Mas,"No.2 (GF), Jalan Mutiara 1/1, Taman Mutiara Mas, 81300 Skudai Johor. ","2, Jln Mutiara 1/1, Taman Mutiara Mas, 81300 Skudai, Johor, Malaysia",1.5145793,103.6318646,"1.5145793, 103.6318646"
107,FamilyMart Caltex Taman Daya,"Lot PTD 110500, Jalan Nipah 2, Taman Daya, 81100 Johor Bahru, Johor. ","Taman Daya, 81100 Johor Bahru, Johor, Malaysia",1.5440838,103.7624537,"1.5440838, 103.7624537"
108,FamilyMart Caltex Mukim Tebrau,"Lot PTD 88365, Lebuhraya Pasir Gudang, Mukim Tebrau, 81100 Johor Bahru, Johor.","Kampung Kangkar Tebrau, 81100 Johor Bahru, Johor, Malaysia",1.5297573,103.7572752,"1.5297573, 103.7572752"
109,FamilyMart Taman Molek,"No. 45, Ground Floor, Jalan Molek 3/10, Taman Molek, 81100 Johor Bahru, Johor. ","No 45, Ground Floor, Jalan Molek 3/10, Taman Molek, 81100 Johor Bahru, Johor, Malaysia",1.5225334,103.7853192,"1.5225334, 103.7853192"
110,FamilyMart KSL City,"No LG-039, Lower Ground Floor, KSL CITY, 33, Jalan Seladang, Taman Abad, 80250 Johor Bahru, Johor.","No LG-039, Lower Ground Floor, KSL CITY, 33, Jalan Seladang, Taman Abad, 80250 Johor Bahru, Johor, Malaysia",1.4859251,103.7619976,"1.4859251, 103.7619976"
111,FamilyMart MesaMall,"G-03A, Ground Floor, Mesamall, Persiaran Ilmu BBN, Bandar Baru Nilai, 71800 Nilai,
Negeri Sembilan.","G-03a, Ground Floor, MesaMall, Persiaran Ilmu, Bandar Baru Nilai, 71800 Nilai, Negeri Sembilan, Malaysia",2.825131,101.777424,"2.825131, 101.777424"
112,FamilyMart Bukit Dahlia,"No. 5, Jalan Sejambak 14, Taman Bukit Dahlia, 81700, Johor.","No. 5, Jalan Sejambak 14, Taman Bukit Dahlia, 81700 Pasir Gudang, Johor, Malaysia",1.4780715,103.896195,"1.4780715, 103.896195"
113,FamilyMart Indahpura,"No. 189A, Jalan Kenanga 29/4, Indahpura, 81000 Kulai, Johor","189A, Jalan Kenanga 29/4, Bandar Indahpura, 81000 Kulai, Johor, Malaysia",1.6417615,103.6189539,"1.6417615, 103.6189539"
114,FamilyMart LRT Ampang Park,"K3- Concourse Level, LRT Ampang Park Station, Kuala Lumpur. ","K3- Concourse Level, LRT Ampang Park Station, Wilayah Persekutuan, 52100 Kuala Lumpur, Wilayah Persekutuan Kuala Lumpur, Malaysia",3.1599311,101.71906,"3.1599311, 101.71906"
115,FamilyMart LRT Masjid Jamek,"K4- Concourse Level, LRT Masjid Jamek Station, Kuala Lumpur. ","K4, Concourse Level, LRT Masjid Jamek Station, City Centre, 50100 Wilayah Persekutuan, Wilayah Persekutuan Kuala Lumpur, Malaysia",3.1498447,101.696542,"3.1498447, 101.696542"
116,FamilyMart Sky Avenue,"Lot No. T1-03 of Level G, SkyAvenue, Genting Highlands Resort, 69000 Genting Highlands, Pahang.","Lot T1 - 03, Genting Highlands, 69000 Genting Highlands, Pahang, Malaysia",3.4240571,101.7958284,"3.4240571, 101.7958284"
117,FamilyMart TTDI,"No. 27, Ground Floor, Jalan Tun Mohd Fuad 3, Taman Tun Dr Ismail, 60000 Kuala Lumpur.","No. 27, Ground Floor, Jalan Tun Mohd Fuad 3, Taman Tun Dr Ismail, 60000 Wilayah Persekutuan, Wilayah Persekutuan Kuala Lumpur, Malaysia",3.1415019,101.627861,"3.1415019, 101.627861"
118,FamilyMart Rasah Prima,"No.12-G, Jalan Rasah Prima 1, Pusat Komersial Rasah Prima, 70300 Seremban. Negeri Sembilan.","12-G, Jalan Rasah Prima 1, Pusat Komersial Rasah Prima, 70300 Seremban, Negeri Sembilan, Malaysia",2.6894581,101.9345352,"2.6894581, 101.9345352"
119,FamilyMart Seremban Gateway,"No.10A-G, Gerbang Seremban, Off Jalan Sungai Ujong, 70200 Seremban, Negeri Sembilan. ","Lot No 10 (A), Ground Floor, Gateway Off, Lebuhraya Seremban - Bukit Nenas, 70200 Seremban, Negeri Sembilan, Malaysia",2.7170311,101.9195581,"2.7170311, 101.9195581"
120,FamilyMart Taman University,"No. 1, Jalan Pendidikan 8, Taman Universiti, 81300 Skudai, Johor. ","No. 1, Jln Pendidikan 8, Taman Universiti, 81300 Skudai, Johor, Malaysia",1.5437598,103.6302155,"1.5437598, 103.6302155"
121,FamilyMart Taman Mount Austin,"5-1A-1, Jalan Austin Heights 3, Taman Mount Austin, 81100 Johor Bahru, Johor.","5-1A, Jalan Austin Heights 3/1, Taman Mount Austin, 81100 Johor Bahru, Johor, Malaysia",1.5587894,103.7811497,"1.5587894, 103.7811497"
122,FamilyMart Taman Danau Desa,"No. 1, Jalan 2/109F, Plaza Danau 2, Taman Danau Desa, 58100 Kuala Lumpur.","No. 1, Jalan 2/109f, Taman Danau Desa, 58100 Wilayah Persekutuan, Wilayah Persekutuan Kuala Lumpur, Malaysia",3.0989117,101.6865395,"3.0989117, 101.6865395"
123,FamilyMart NU Empire Subang,"LG-11, Lower Ground Level,  Empire Shopping Gallery, Jalan SS 16/1, 47500 Subang Jaya, Selangor.","LG-11, Lower Ground Level, Empire Shopping Gallery, Jalan SS 16/1, Ss 16, 47500 Subang Jaya, Selangor, Malaysia",3.0819527,101.5826485,"3.0819527, 101.5826485"
124,FamilyMart Ampang Jaya,"No.1A-00-06, Pangsapuri Melati Merdeka Villa, Jalan Merdeka Villa, 68000 Ampang, Selangor.","No.1A-00-06, Pangsapuri Melati Merdeka Villa, Villa, Jalan Merdeka, Kampung Baru Ampang, 68000 Ampang, Selangor, Malaysia",3.1385441,101.7643673,"3.1385441, 101.7643673"
125,FamilyMart Gelang Patah,"No. 27-01, Jalan Nusaria 11/1, Taman Nusantara,81550  Gelang Patah, Johor. ","No. 27, Jalan Nusaria 11/1, Taman Nusantara, 81550 Gelang Patah, Johor, Malaysia",1.4610675,103.5841078,"1.4610675, 103.5841078"
126,FamilyMart Caltex Kuala Selangor,"Lot 139 Batu 2, Jalan Kuala Selangor, Klang, 45000 Kuala Selangor, Selangor.","Lot 139 Batu 2, Jalan Kuala Selangor, Klang, Kampung Baharu, 45000 Kuala Selangor, Selangor, Malaysia",3.3149175,101.2769927,"3.3149175, 101.2769927"
127,FamilyMart Ayer Keroh,"No. 3,Ground Floor, Jalan Komersial TAKH 2, Taman Ayer Keroh Heights, 75450 Ayer Keroh, Melaka.","No. 3, Jalan Komersial TAKH 2, Taman Ayer Keroh Heights, Taman Muzaffar Shah, 75450 Ayer Keroh, Melaka, Malaysia",2.2531351,102.2911511,"2.2531351, 102.2911511"
128,FamilyMart Centrepoint Seremban,"G-14, Ground Floor, Centerpoint Seremban, 33, Jalan Dato Siamang Gagap, Betaria Business Centre, 70100 Seremban, Negeri Sembilan.","G-14, Ground Floor, Centerpoint Seremban, 33, Jalan Dato Siamang Gagap, Betaria Business Centre, 70100 Seremban, Negeri Sembilan, Malaysia",2.723466,101.9552558,"2.723466, 101.9552558"
129,FamilyMart Caltex Bestari Jaya,"PT 7490, Section 2, Kubang Badak, Pekan Bestari Jaya, 45000 Selangor.","PT 7490, Section 2, Kubang Badak, Jalan Berjuntai, 45000 Batang Berjuntai, Selangor, Malaysia",3.3805128,101.4130686,"3.3805128, 101.4130686"
130,FamilyMart Gravity Green,"GL02-01, No. 6G, Jalan Suria, Gravity Green Seri Alam, Bandar Seri Alam, 81750, Masai, Johor. ","Gravity Green, Bandar Seri Alam, Masai Gravity Green @ Bandar Seri Alam, Jln Suria, Bandar Baru Seri Alam, 81750 Masai, Johor, Malaysia",1.4962035,103.8728633,"1.4962035, 103.8728633"
131,FamilyMart Porto Historia,"No. 8 & 10, Jalan KLJ 8, Taman Kota Laksamana Jaya, 75200 Melaka.","10, Jln KLJ 8, Taman Kota Laksamana, 75200 Malacca, Malaysia",2.1992468,102.2304307,"2.1992468, 102.2304307"
132,FamilyMart Banting,"No. 1(G), Jalan Cemerlang 4, 42700 Banting, Selangor.","1 (G, Jalan Cemerlang 4, Banting, 42700 Banting, Selangor, Malaysia",2.8132908,101.5078127,"2.8132908, 101.5078127"
133,FamilyMart Setia City Mall,"#LG-020A, Setia City Mall, No. 7, Persiaran Setia Dagang Bandar Setia Alam Seksyen U13, 40170 Shah Alam Selangor.","LG-20A, Setia City Mall, No. 7, Persiaran Setia Dagang Bandar Setia Alam, Seksyen, U13 Shah Alam, 40170 Shah Alam, Selangor, Malaysia",3.108951,101.4613414,"3.108951, 101.4613414"
134,FamilyMart Bandar Sri Damansara,"No. 11G, Jalan Tanjung, SD 13/1, Bandar Sri Damansara, 52200 Kuala Lumpur.","11, Ground Floor, Jalan Tanjung SD 13/1, Bandar Sri Damansara, 52200 Kuala Lumpur, Wilayah Persekutuan Kuala Lumpur, Malaysia",3.188535,101.6053308,"3.188535, 101.6053308"
135,FamilyMart Setia Tropika,"3, Jalan Setia Tropica 1/15, Taman Setia Tropika, 81200 Johor Bahru, Johor.","3, Jalan Setia Tropika 1/15, Taman Setia Tropika, 81200 Johor Bahru, Johor, Malaysia",1.5454216,103.7116491,"1.5454216, 103.7116491"
136,FamilyMart Sentosa Klang,"No. 6, Jalan Dato Yusuf Shahbuddin 30, Taman Sentosa, 41200 Klang, Selangor.","No. 6, Jalan Dato Yusuf Shabuddin 30, Taman Sentosa, 41200 Klang, Selangor, Malaysia",3.0104808,101.4660532,"3.0104808, 101.4660532"
137,FamilyMart Pantai KL Hospital,"Retail Lot 10, Ground Floor, Block A, Pantai Hospital Kuala Lumpur, 8, Jalan Bukit Pantai, 59100, Kuala Lumpur.","Retail Lot 10, Ground floor, Block A Pantai Hospital Kuala Lumpur, 8, Jalan Bukit Pantai, Bangsar, 59100 Wilayah Persekutuan, Wilayah Persekutuan Kuala Lumpur, Malaysia",3.1198114,101.6672461,"3.1198114, 101.6672461"
138,FamilyMart Caltex Taman Puteri Wangsa,"Lot B, No.2, Jalan Beladau 31, Taman Puteri Wangsa, 81800 Ulu Tiram, Johor. ","Lot B, 2, Jalan Beladau 3, Taman Puteri Wangsa, 81800 Ulu Tiram, Johor, Malaysia",1.5907204,103.8018501,"1.5907204, 103.8018501"
139,FamilyMart Waterfront @ Desa Park City,"GF-21H, Ground Floor, The Waterfront@ParkCity, No.5, Persiaran Residen, Desa ParkCity, 52200 Kuala Lumpur. ","GF-21H, Ground Floor, The Waterfront@ParkCity, No.5, Persiaran Residen, Desa Parkcity, 52200 Wilayah Persekutuan, Wilayah Persekutuan Kuala Lumpur, Malaysia",3.186829,101.6271989,"3.186829, 101.6271989"
140,FamilyMart Caltex Hutan Melintang,"Lot 6853 Simpang Empat, 36400 Hutan Melintang, Perak","Lot 6853 Simpang Empat, 36400 Hutan Melintang, Perak, Malaysia",3.8970427,100.9383374,"3.8970427, 100.9383374"
141,FamilyMart Bangi Seksyen 9,"No.23, Ground Floor, Jalan Medan Pusat 2D, Seksyen 9, 43650 Bandar Baru Bangi, Selangor.","No.23, Ground Floor, Jln Medan Pusat 2d, Seksyen 9, 43650 Bandar Baru Bangi, Selangor, Malaysia",2.9634531,101.7527776,"2.9634531, 101.7527776"
142,FamilyMart KLSMC,"G-01A, Ground Floor, Wisma Perintis, 47, Jalan Dungun, Damansara Heights, 50490 Kuala Lumpur.","G-01A, Ground Floor, Wisma Perintis, 47, Jalan Dungun, Bukit Damansara, 50490 Wilayah Persekutuan, Wilayah Persekutuan Kuala Lumpur, Malaysia",3.152389,101.6654281,"3.152389, 101.6654281"
143,FamilyMart Melaka Raya,"258 , Jalan Melaka Raya 3, Taman Melaka Raya, 75000 Melaka.","258, Jalan Melaka Raya 3, Taman Melaka Raya, 75000 Melaka, Malaysia",2.1880721,102.2533668,"2.1880721, 102.2533668"
144,FamilyMart Desa Cemerlang,"No.97, 97A & 97B, Jalan Tanjong 1, Taman Desa Cemerlang, 81800 Ulu Tiram, Johor.","No 99, Jln Tanjong 1, Tmn, Taman Desa Cemerlang, 81800 Ulu Tiram, Johor, Malaysia",1.5593707,103.8097427,"1.5593707, 103.8097427"
145,FamilyMart Plaza Sentral,"Unit 3A-G Ground Floor, Block 3A, Plaza Sentral, Jalan Stesen Sentral 5, KL Sentral, 50470-Kuala Lumpur.","Unit 3A-G Ground Floor, Block 3A, Plaza Sentral, Jalan Stesen Sentral 5, Kuala Lumpur Sentral, 50470 Wilayah Persekutuan, Wilayah Persekutuan Kuala Lumpur, Malaysia",3.1322726,101.6844457,"3.1322726, 101.6844457"
147,FamilyMart Sunway Velocity,"L1,Sunway Medical Centre Velocity, Lingkaran SV, Sunway Velocity, 55100 Kuala Lumpur. ","Lot No. 1-22, Sunway Velocity Mall, Lingkaran SV2, Sunway Velocity, 55100 Kuala Lumpur, Wilayah Persekutuan Kuala Lumpur, Malaysia",3.1280934,101.7241894,"3.1280934, 101.7241894"
148,FamilyMart Gleneagles KL,"Lot 3 & 3A of Ground Floor, Block B,Gleneagles Kuala Lumpur, 282 & 286, Jalan Ampang, 50450 Kuala Lumpur.","Lot 3 & 3A of Ground Floor, Block B Gleneagles, 282 & 286, Jalan Ampang, Kampung Berembang, 50450 Kuala Lumpur, Federal Territory of Kuala Lumpur, Malaysia",3.1612715,101.7402031,"3.1612715, 101.7402031"
149,FamilyMart Caltex Bandar Puteri Klang,"No. M, Lot 133826, Lebuh Sanggul 1/KS7, Bandar Puteri, 41200 Klang, Selangor, Malaysia.","Bandar Puteri, 41200 Port Klang, Selangor, Malaysia",2.988931,101.4655421,"2.988931, 101.4655421"
150,FamilyMart Permas,"No.14, Jalan Permas 10/7, Bandar Permas Jaya 81750 Masai, Johor.","14, Jalan Permas 10/7, Bandar Baru Permas Jaya, 81750 Masai, Johor, Malaysia",1.4962333,103.8146798,"1.4962333, 103.8146798"
151,FamilyMart Eco Botanic,"No 74, Jalan Eko Botanic 3/2, Taman Eko Botani, 79100 Iskandar Puteri, Johor.","No 74, Jalan EkoBotanic 3/2, Taman Eko Botani, 79100 Iskandar Puteri, Johor, Malaysia",1.4392556,103.62022,"1.4392556, 103.62022"
152,FamilyMart Rawang,"No. A1-G, Jalan Rawang, Pusat Perniagaan R.E.E.F 2, 48000 Rawang, Selangor.","No. A1-G, Jalan Rawang, Pusat Perniagaan R.E.E.F 2, 48000 Rawang, Selangor, Malaysia",3.3073157,101.5863279,"3.3073157, 101.5863279"
153,FamilyMart Nadi Putrajaya,"No. 58, Jalan Diplomatik, Presint 15, 62000 Putrajaya.","58, Jln Diplomatik, Presint 15, 62000 Putrajaya, Wilayah Persekutuan Putrajaya, Malaysia",2.9453672,101.7237279,"2.9453672, 101.7237279"
154,"FamilyMart Menara Ikhlas, Putrajaya","Ground Floor, Retail F&B 3, Menara Ikhlas, No. 17, Persiaran Perdana, Presint 3, 62100 Putrajaya.  ","Ground Floor, Retail F&B 3, Menara Ikhlas, 17, Persiaran Perdana, Presint 3, 62100 Wilayah Persekutuan, Wilayah Persekutuan Putrajaya, Malaysia",2.9185102,101.68618,"2.9185102, 101.68618"
155,FamilyMart Menara UOA Bangsar,"Unit 1-3A, Level 1,Menara UOA Bangsar,No. 5, Jalan Bangsar Utama 1, 59000 Kuala Lumpur.","Unit 1, 3A, 5, Jalan Bangsar Utama 1, Bangsar, 59000 Kuala Lumpur, Wilayah Persekutuan Kuala Lumpur, Malaysia",3.1279299,101.6787444,"3.1279299, 101.6787444"
156,FamilyMart Caltex Jalan Skudai,"GM 679, Lot 1283, Mukim Of Pulai, Tempat Batu 8, Jalan Skudai, 81300 Johor Bahru, Johor.","PTD 107072, Jalan Seri Impian 1, Taman Impian Emas, 81300 Skudai, Johor, Malaysia",1.545594,103.6830348,"1.545594, 103.6830348"
157,FamilyMart Caltex Lebuh Spa,"Part of Lot 11723, Mukim Tanjung Minyak, Daerah Melaka Tengah, 76450 Melaka. 
Coordinates: 
2?17'06.0""N 102?12'17.6""E","Lot 11723, Jalan Pe 1, Taman Paya Emas, 76450 Melaka, Malaysia",2.2855381,102.2043609,"2.2855381, 102.2043609"
158,FamilyMart Mahkota Parade,"Lot G11, Ground Floor, Mahkota Parade, No.1, Jalan Merdeka, 75000 Melaka. ","Lot G11, Ground Floor, Mahkota Parade, No.1, Jln Merdeka, Taman Costa Mahkota, 75000 Melaka, Malaysia",2.1880207,102.2505949,"2.1880207, 102.2505949"
159,FamilyMart Petron Setia Impian,"No 2, Persiaran Setia Impian, Bandar Setia Alam, Section U13, 40170 Shah Alam, Selangor.","Section U13, 2, Persiaran Setia Impian, Bandar Setia Alam, 40170 Shah Alam, Selangor, Malaysia",3.1016046,101.4440589,"3.1016046, 101.4440589"
160,FamilyMart Ecohill Taipan,"No.28,-1 (Ground Floor), Jalan Ecohill 1/5A, Seta Ecohill, 43500 Semenyih, Selangor.","No.28,-1 (Ground Floor, 5A, Jln Ecohill 1, Setia Ecohill, 43500 Semenyih, Selangor, Malaysia",2.9262119,101.8549614,"2.9262119, 101.8549614"
161,FamilyMart Alamanda Shopping Centre,"Lot G03-G04, Alamanda Shopping Centre, Jalan Alamanda, Precinct 1, 62000 Putrajaya. ","Lot G03-G04, Alamanda Shopping Centre, Jalan Alamanda, Precinct 1, 62000 Wilayah Persekutuan, Wilayah Persekutuan Putrajaya, Malaysia",2.9409324,101.7114128,"2.9409324, 101.7114128"
162,FamilyMart Lagenda Melaka,"35, Ground Floor, Jalan Lagenda 1, Taman 1 Lagenda, 75400 Melaka.","35, Jalan Lagenda 1, Taman Lagenda Mas, 75400 Melaka, Malaysia",2.2144631,102.2446863,"2.2144631, 102.2446863"
163,FamilyMart Senai Centrepoint,"No 32G, Jalan Terminal 5, 81400 Senai, Johor.","No 32G, Jalan Terminal 5, 81400 Senai, Johor, Malaysia",1.6356269,103.663242,"1.6356269, 103.663242"
164,FamilyMart Sunway Medical Centre (G),"LG Floor, Tower C, No.5, Jalan Lagoon Selatan, Bandar Sunway, 47500 Petaling Jaya, Selangor Darul Ehsan","Lot C-G-R01, Sunway Medical Center, Tower C, 5, Jalan Lagoon Selatan, Bandar Sunway, 47500 Subang Jaya, Selangor, Malaysia",3.06611,101.6085539,"3.06611, 101.6085539"
165,FamilyMart Olive Hill Business Park,"50-LG, Jalan BS 1/1, Pusat Perdagangan Olive Hill, Taman Bukit Serdang, Seksyen 1, 43300 Seri Kembangan, Selangor.","50-LG, Jalan BS 1/1, Pusat Perdagangan Olive Hill, Seksyen 1, Taman Bukit Serdang, 43300 Seri Kembangan, Selangor, Malaysia",3.0131499,101.6972761,"3.0131499, 101.6972761"
167,"FamilyMart Prima Avenue, Cyberjaya","Section D, Block 3513, Prima 4, Jalan Teknokrat 5, 63000 Cyberjaya.","Prima 4, Jalan Teknokrat 5, Cyberjaya, 63000 Cyberjaya, Selangor, Malaysia",2.9213228,101.6565506,"2.9213228, 101.6565506"
168,FamilyMart Suria KLCC,"Lot C02-C03, Concourse Level, Suria KLCC, Kuala Lumpur City Centre, 50088 Kuala Lumpur.","Lot C02-C03, Concourse Level, Petronas Twin Tower, Kuala Lumpur City Centre, 50088 Kuala Lumpur, Federal Territory of Kuala Lumpur, Malaysia",3.1582224,101.7120367,"3.1582224, 101.7120367"
169,FamilyMart Taman Adda,"No 89,Ground Floor, Jalan Adda 3/1, Taman Adda, 81100 Johor Bahru, Johor.","Taman Adda, 89, Jln Adda 3/1, Adda Heights, 81100 Johor Bahru, Johor, Malaysia",1.5475433,103.7465799,"1.5475433, 103.7465799"
170,FamilyMart Taman Gaya,"No.102, Jalan Gaya 1, Taman Gaya, 81800 Ulu Tiram, Johor.","102, Jalan Gaya 1, Taman Gaya, 81800 Ulu Tiram, Johor, Malaysia",1.5626553,103.8003327,"1.5626553, 103.8003327"
171,FamilyMart Kebun Teh,"No. 20(GF), Jalan Kebun Teh 1, Pusat Perdagangan Kebun Teh, 80250 Johor Bahru, Johor.","No. 20(GF, Jalan Kebun Teh 1, Pusat Perdagangan Kebun Teh, 80250 Johor Bahru, Johor, Malaysia",1.4859808,103.7542023,"1.4859808, 103.7542023"
172,FamilyMart Denai Alam,"No.15-1 Jalan Elektron J U16/J ,Seksyen U16, Denai Alam, 40160 Shah Alam.","No.15, Seksyen U16, 1, Jln Elektron U16/J, Denai Alam, 40160 Shah Alam, Selangor, Malaysia",3.1607697,101.5126442,"3.1607697, 101.5126442"
173,FamilyMart Taman Ungku Tun Aminah,"No.2, Jalan Pendekar 13, Taman Ungku Tun Aminah 81300 Skudai, Johor.","2, Jalan Pendekar 13, Taman Ungku Tun Aminah, 81300 Skudai, Johor, Malaysia",1.5138963,103.6537589,"1.5138963, 103.6537589"
174,FamilyMart Caltex Jalan Besar (Seri Kembangan),"Lot 49358, Jalan Besar, 43300 Seri Kembangan, Selangor.","Lot 49358, Jalan Besar, Taman Muhibbah, 43300 Seri Kembangan, Selangor, Malaysia",3.026768,101.7103712,"3.026768, 101.7103712"
175,FamilyMart Desa Pandan,"No. 4, Jalan 1/76D, Desa Pandan, 55100 Kuala Lumpur.","No. 4, Jalan 1/76d, Desa Pandan, 55100 Kuala Lumpur, Wilayah Persekutuan Kuala Lumpur, Malaysia",3.146979,101.736892,"3.146979, 101.736892"
176,FamilyMart Damansara Heights,"No. 28-G, Jalan Medan Setia 2, Plaza Damansara, Bukit Damansara, 50490 Kuala Lumpur. ","28-G, Jalan Medan Setia 2, Bukit Damansara, 50490 Wilayah Persekutuan, Wilayah Persekutuan Kuala Lumpur, Malaysia",3.1490849,101.6532738,"3.1490849, 101.6532738"
177,FamilyMart Bukit Beruang,"658F-G, Jalan Delima, Taman Bukit Melaka, Hang Tuah Jaya, 75450 Ayer Keroh, Melaka.","Hang Tuah Jaya, 658F-G, Jln Delima, Taman Bukit Melaka, 75450 Ayer Keroh, Melaka, Malaysia",2.2463291,102.2740218,"2.2463291, 102.2740218"
178,FamilyMart Batu Berendam,"No. 36, Ground Floor, Jalan Mutiara Melaka 2, Taman Mutiara Melaka, 75350 Batu Berendam, Melaka.","No. 36, Jalan Mutiara Melaka 2, Taman Mutiara Melaka, 75350 Batu Berendam, Melaka, Malaysia",2.2380696,102.2605598,"2.2380696, 102.2605598"
179,FamilyMart Bukit Baru,"19, Jalan PNBBU 1, Pusat Perniagaan Bukit Baru Utama, 75150 Bukit Baru, Melaka.","19, Jalan PNBBU 1, Pusat Perniagaan Bukit Baru Utama, 75150 Bukit Baru, Melaka, Malaysia",2.2163858,102.2703715,"2.2163858, 102.2703715"
180,FamilyMart Puncak Bertam,"2A, Jalan PB 1A, Taman Puncak Bertam, 75250 Melaka","2A, Jalan PB 1A, Taman Puncak Bertam, 75250 Melaka, Malaysia",2.2527724,102.2223758,"2.2527724, 102.2223758"
181,FamilyMart Melaka Sentral,"TZB14/TZB15, Zone B Terminal, Melaka Sentral, Jalan Tun Abdul Razak, Peringgit, 75300 Melaka.","TZB14/TZB15, Zone B Terminal, Melaka Sentral, Jalan Tun Abdul Razak, Plaza Melaka Sentral, 75300 Melaka, Malaysia",2.2207505,102.2502344,"2.2207505, 102.2502344"
182,FamilyMart Sunggala Gateway,"No. 18-G, Block B, Jalan PDS 1, PD Sunggala Gateway, Teluk Kemang, 71050 Port Dickson, Negeri Sembilan Darul Khusus.","No. 18-G, Block B, Jalan PDS 1, PD Sunggala Gateway, Teluk Kemang, Kampung Baharu, 71050 Port Dickson, Negeri Sembilan, Malaysia",2.4744779,101.8572219,"2.4744779, 101.8572219"
183,FamilyMart Kuala Pilah,"PT 3173, Taman Melang Shoplot, Jalan Melang, 72000 Kuala Pilah, Negeri Sembilan.","PT 3173, Taman Melang Shoplot, Jalan Melang, Kampung Gemelang, 72000 Kuala Pilah, Negeri Sembilan, Malaysia",2.7343841,102.2349578,"2.7343841, 102.2349578"
184,FamilyMart Gateway@KLIA Terminal 2 Arrivals (2),"L2-27, 29 &30, Level 2, gateway@klia2, Arrival Hall, Terminal KLIA2, KL International Airport, Jalan KLIA 2/1, 64000 KLIA, Sepang, Selangor.","L2-27, 29 & 30, Level 2, gateway@KLIA2, Terminal KLIA2, Kuala Lumpur International Airport, Arrival Hall, Jln Klia 2/1, 64000 Sepang, Selangor, Malaysia",2.7440889,101.6856391,"2.7440889, 101.6856391"
186,"FamilyMart One Maxim, Sentul","G-3,One Maxim, No.1 Jalan Pelangi 2, 51000 Sentul, Kuala Lumpur.","G-3, One Maxim, No.1, Jalan Pelangi 2, Sentul, 51000 Kuala Lumpur, Wilayah Persekutuan Kuala Lumpur, Malaysia",3.2049891,101.6895751,"3.2049891, 101.6895751"
187,"FamilyMart Seksyen 15, Bangi","No.17 GF, Jalan 15/1A, Seksyen 15, 43650 Bandar Baru Bangi, Selangor.","No.17 GF, Jalan 15/1b, Seksyen 15, 43650 Bandar Baru Bangi, Selangor, Malaysia",2.9335167,101.7684996,"2.9335167, 101.7684996"
188,FamilyMart Malim Jaya,"No. 13, Jalan Rahmat 2, Taman Malim Jaya, 75250 Melaka.","No. 13, Jalan Rahmat 2, Taman Malim Jaya, 75250 Melaka, Malaysia",2.2401306,102.23385,"2.2401306, 102.23385"
189,FamilyMart Galleria @ Kotaraya,"Lot GF-29, Level GF, Galleria @ Kotaraya, Jalan Trus, UTC, 80000 Johor Bahru, Johor.","Lot GF-29, Level GF, Galleria @ Kotaraya, Jalan Trus, UTC, 80000 Johor Bahru, Johor, Malaysia",1.4589305,103.7631074,"1.4589305, 103.7631074"
190,FamilyMart Caltex Setia Alam,"No.2, Jala Setia Utama AR U13/AR, Setia Alam, Seksyen U13, 40170 Shah Alam, Selangor.  

Coordinate: 3?07'25.9""N 101?28'00.1""E","No.2, Jala, Jalan Setia Utama AR U13/AR, Seksyen U13, Setia Alam, 40170 Shah Alam, Selangor, Malaysia",3.1238402,101.4662807,"3.1238402, 101.4662807"
191,FamilyMart Wisma UOA 2,"Unit No. 1-9D & 1-9E, Level 1, Wisma UOA II, 21, Jalan Pinang, 50450 Kuala Lumpur.","Unit No. 1-9D & 1-9E, Level 1 Wisma UOA II, Kuala Lumpur, 50450 Kuala Lumpur, Federal Territory of Kuala Lumpur, Malaysia",3.1523218,101.7118905,"3.1523218, 101.7118905"
192,FamilyMart Caltex Taman Impian Emas," Part of PTD 107072, Jalan Seri Impian 1, Taman Impian Emas, 81300 Skudai, Johor.","PTD 107072, Jalan Seri Impian 1, Taman Impian Emas, 81300 Skudai, Johor, Malaysia",1.545594,103.6830348,"1.545594, 103.6830348"
193,FamilyMart R&R Skudai,"Lot 1A, 7A Jalan R&R Skudai, Kawasan R&R Skudai, 81400 Senai, Johor.","Lot 1A, 7A Jalan R&R Skudai, Kawasan R&R Skudai, 81400 Senai, Johor, Malaysia",1.5916709,103.6355533,"1.5916709, 103.6355533"
194,FamilyMart Petron Kota Masai,"Lot PTD 213415 ,Taman Kota Masai, Plentong, 81700 Johor Bahru, Johor.","Jalan Jambu Utama, Taman Pasir Putih, 81700 Pasir Gudang, Johor, Malaysia",1.4874688,103.9503708,"1.4874688, 103.9503708"
195,FamilyMart Taman Setia Indah,"No.2, Jalan Setia 3/2, Taman Setia Indah 81100 Johor Bahru, Johor.","No.2, Jalan Setia 3/2, Taman Setia Indah, 81100 Johor Bahru, Johor, Malaysia",1.5721719,103.7568385,"1.5721719, 103.7568385"
196,FamilyMart Paradigm JB,"Lot GF-18,19,20,21&22, Ground Floor, Paradigm Mall, Johor Bahru, Johor. ","Lot GF-18,19,20,21&22, Ground Floor, Paradigm Mall, Taman Bukit Mewah, 81200 Johor Bahru, Johor, Malaysia",1.5155291,103.6855381,"1.5155291, 103.6855381"
197,FamilyMart Jalan Serampang,"No.21, Jalan Serampang, Taman Sri Tebrau, 80050 Johor Bahru.","No.21, Jalan Serampang, Taman Sri Tebrau, 80050 Johor Bahru, Johor, Malaysia",1.4843487,103.7675681,"1.4843487, 103.7675681"
198,FamilyMart Caltex Taman Banting Baru,"Lot 2352, Jalan Sultan Abdul Samad, Taman Banting Baru, 42700 Banting, Kuala Langat, Selangor. ","Lot 2352, Jalan Sultan Abdul Samad, Taman Banting Baru, 42700 Banting, Selangor, Malaysia",2.8185941,101.4549183,"2.8185941, 101.4549183"
200,"FamilyMart Old Street, Batu Pahat","Old Street Commercial Centre, No. 22 (Ground Floor), Jalan Rotan Utama, Taman Sri Jaya, 83000 Batu Pahat, Johor.","No.22 (Ground Floor, Jalan Rotan Utama, Taman Sri Jaya, 83000 Batu Pahat, Johor, Malaysia",1.8634265,102.954351,"1.8634265, 102.954351"
201,FamilyMart Teluk Pulai,"No. 39, Ground Floor, Jalan Teluk Pulai, 41100 Klang, Selangor. ","No. 39, Ground Floor, Jalan Teluk Pulai, Taman Teluk Pulai, 41100 Klang, Selangor, Malaysia",3.0424397,101.4279318,"3.0424397, 101.4279318"
202,FamilyMart Bandar Seri Putra,"No.12, Ground Floor, Jalan Seri Putra 1/4, Bandar Seri Putra, 43000 Bangi, Selangor.","12, Ground Floor, Jalan Seri Putra 1/4, Bandar Seri Putra, 43000 Bangi, Selangor, Malaysia",2.8854134,101.7905862,"2.8854134, 101.7905862"
203,FamilyMart Petron Rasah Kemayan,"PT9770, Persiaran Rasah Kemayan 1, Seremban 2, 70300 Seremban, Negeri Sembilan","PT9770, Persiaran Rasah Kemayan 1, Seremban 2, 70300 Seremban, Negeri Sembilan, Malaysia",2.6912108,101.893878,"2.6912108, 101.893878"
204,FamilyMart Port Dickson,"No. 7, Ground Floor, Jalan Pusat Perniagaan Impian 1, Pusat Perniagaan Impian, 71009 Port Dickson, Negeri Sembilan.","No. 7, Ground Floor, Jalan Pusat Perniagaan Impian 1 Pusat Perniagaan Impian, Taman Mewah, 71009 Port Dickson, Negeri Sembilan, Malaysia",2.5259144,101.8085815,"2.5259144, 101.8085815"
205,FamilyMart Caltex Raja Uda,"Part of Lot 2219, Section 1, Jalan Raja Uda, Taman Tanjung Aman, 12300 Butterworth, Pulau Pinang.","Lot 2219, Section, 1, Jalan Raja Uda, Taman Tanjung Aman, 12300 Butterworth, Pulau Pinang, Malaysia",5.4300213,100.3844934,"5.4300213, 100.3844934"
206,FamilyMart Jenjarom,"No. 2, Jalan 2/2, Taman Seri Jaromas, 42600 Jenjarom, Selangor.","No. 2, Jalan 2/21, Taman Seri Jaromas, 42600 Jenjarom, Selangor, Malaysia",2.8742073,101.5012496,"2.8742073, 101.5012496"
207,FamilyMart Kota Emas,"No. 50-G, Jalan Emas 2, Pusat Perniagaan Kota Emas, 82000 Pontian, Johor.","50-G, Jalan Emas 2, Pusat Perniagaan Kota Emas, 82000 Pontian, Johor, Malaysia",1.4798741,103.3995819,"1.4798741, 103.3995819"
208,FamilyMart Gravitas,"B2-G-1, Elevate Gravitas, Jalan Baru, 13700 Bukit Mertajam, Pulau Pinang.","B2-G-1, Elevate Gravitas, Jln Baru, 13700 Bukit Mertajam, Pulau Pinang, Malaysia",5.3693739,100.4169656,"5.3693739, 100.4169656"
209,FamilyMart Bercham,"No. 55, Jalan Bercham, Medan Bercham Selatan, 31400 Ipoh, Perak.","55, Medan Bercham Selatan 1, Taman Sri Kurau, 31400 Ipoh, Perak, Malaysia",4.6251595,101.1212606,"4.6251595, 101.1212606"
210,FamilyMart Parit Raja,"No 22, Jalan Universiti 1, Taman Universiti Parit Raja, Batu Pahat","No 22, Jalan Universiti 1, Taman Universiti, 86400 Parit Raja, Johor, Malaysia",1.848631,103.0741501,"1.848631, 103.0741501"
211,FamilyMart Auto City,"Juru Interchange, Auto-City, No. 1824-G1 & 1823-G3, Jalan Perusahaan, 14000, Prai, 14000,Penang.","Juru Interchange, Auto-City, No. 1824-G1 & 1823, G3, Jalan Perusahaan, Bukit Tengah, 13600 Perai, Pulau Pinang, Malaysia",5.3376029,100.4290466,"5.3376029, 100.4290466"
212,FamilyMart Karpal Singh Drive,"No.29C-01-19 & No. 29C-01-20, Maritime, Persiaran Karpal Singh, 11600 Jelutong, Penang.","No.29C-01-19 & No. 29C-01-20, Maritime, Karpal Singh Dr, 11600 Jelutong, Pulau Pinang, Malaysia",5.3988143,100.3293515,"5.3988143, 100.3293515"
213,"FamilyMart Pusat Perniagaan Haji Manan, Kluang","108, Jalan Haji Manan, Kampung Masjid Lama, 86000 Kluang, Johor.","108, Jln Haji Manan, Kampung Masjid Lama, 86000 Kluang, Johor, Malaysia",2.0352382,103.3192596,"2.0352382, 103.3192596"
214,"FamilyMart Pekan Sentral, Pekan Nanas","No 111, Jalan Industri 8, Taman Perindustrian Pekan Nenas, 81500 Pontian, Johor.","111, Jalan Industri 8, Taman Perindustrian Pekan Nenas, 81500 Pekan Nanas, Johor, Malaysia",1.4957436,103.5253848,"1.4957436, 103.5253848"
215,FamilyMart Kota Tinggi,"No. 9, Jalan Niaga Utama, 81900 Kota Tinggi, Johor, 81900","9, Jalan Niaga Utama, Pusat Perdagangan Kota Tinggi, 81900 Kota Tinggi, Johor, Malaysia",1.729487,103.9004068,"1.729487, 103.9004068"
216,FamilyMart Jalan Burma,"No.306-F, Jalan Burma, 10350 Penang.","No.306-F, 306-H, Jalan Burma, Pulau Tikus, 10350 George Town, Pulau Pinang, Malaysia",5.4323879,100.3109549,"5.4323879, 100.3109549"
217,FamilyMart Caltex Setiawangsa,"12914, Jalan 37/56, Taman Setiawangsa, 54200 Kuala Lumpur, Selangor","12914, Jalan 37/56, Taman Setiawangsa, 54200 Wilayah Persekutuan, Wilayah Persekutuan Kuala Lumpur, Malaysia",3.1776301,101.7375995,"3.1776301, 101.7375995"
218,FamilyMart Jalan Pesta,"2 Jalan Pesta 1, Pusat Perdagangan Mega, Jalan Sakeh,84000 Muar.","2, Jalan Pesta 1, Jln Sakeh, Pusat Perdagangan Mega, 84000 Muar, Johor, Malaysia",2.0507928,102.5833442,"2.0507928, 102.5833442"
219,FamilyMart Petron Hulu Langat,"2, Jalan Hulu Langat Jaya 1, Taman Hulu Langat Jaya, 43200 Cheras, Selangor.","2, Jalan Hulu Langat Jaya 1, Taman Hulu Langat Jaya, 43200 Cheras, Selangor, Malaysia",3.0702663,101.7811153,"3.0702663, 101.7811153"
220,FamilyMart Caltex Taman Perling,"PTD 30504, Jalan Layang, Taman Perling, 81200 Johor Bahru.","PTD 30504, Jalan Layang, Taman Perling, 81200 Johor Bahru, Johor, Malaysia",1.4760497,103.6792995,"1.4760497, 103.6792995"
221,FamilyMart Caltex Sg. Dua,"Caltex Sg Dua North Bound, PMT 10359, KM 132.5, Lebuhraya Utara Selatan, 13600 Permatang Pauh, Pulau Pinang.","Caltex Sg Dua North Bound, PMT 10359, KM 132, 5, Lebuhraya Utara - Selatan, 13600 Permatang Pauh, Pulau Pinang, Malaysia",5.4232678,100.4126129,"5.4232678, 100.4126129"
222,FamilyMart Bandar Damai Perdana,"No. 18, Jalan Damai Perdana 1/9a, Bandar Damai Perdana, 43200 Cheras, Selangor","No. 18, Jalan Damai Perdana 1/9a, Bandar Damai Perdana, 43200 Cheras, Selangor, Malaysia",3.045922,101.7393,"3.045922, 101.7393"
223,FamilyMart Icon City,"No. 3 (Ground & Mezzanine Floor), Jalan Icon City, Bukit Tengah, 14000 Bukit Mertajam, Pulau Pinang.","No. 3 (Ground & Mezzanine Floor, Jln Icon City, Bukit Tengah, 14000 Bukit Mertajam, Penang, Malaysia",5.3453426,100.4344932,"5.3453426, 100.4344932"
224,FamilyMart Farlim,"16E, Farlim Business Center, Lebuhraya Thean Teik, Bandar Baru Air Itam, 11500 Pulau Pinang.","16E, Farlim Business Center, Lbh Thean Teik, Bandar Baru Air Itam, 11500 Ayer Itam, Pulau Pinang, Malaysia",5.3911158,100.2830018,"5.3911158, 100.2830018"
225,FamilyMart Tanjung Karang,"No 9, PB1/1 Pusat Bandar Tanjung Karang, 45500 Tanjung Karang, Selangor","No 9, 1, Jalan PB1, Pusat Bandar, 45500 Tanjong Karang, Selangor, Malaysia",3.4250673,101.1769252,"3.4250673, 101.1769252"
226,FamilyMart Caltex Jalan Kapar,"A portion of Lot 2740, Jalan Kapar Batu 5, 42100 Klang,Selangor.","Lot 2740, Jalan Kapar, Batu 5, 42100 Klang, Selangor, Malaysia",3.0871738,101.3967435,"3.0871738, 101.3967435"
227,FamilyMart Jalan Kebun,"No.25, Jalan Kebun Nanas 7A/KS8, 41200 Klang.","No 25, Jalan Kebun Nanas 7A/KS8, Kampung Batu Tujuh, 41200 Klang, Selangor, Malaysia",2.9610008,101.5172183,"2.9610008, 101.5172183"
228,FamilyMart Bandar Saujana Putra,"41-G, Jalan SP1/1, Bandar Saujana Putra, 42610 Jenjarom, Selangor. ","41-G, 1, Jln SP 1, Bandar Saujana Putra, 42610 Jenjarom, Selangor, Malaysia",2.952196,101.5775553,"2.952196, 101.5775553"
229,"FamilyMart Vista Valley, Semenyih","No 20-G, Jalan Vista Valley 3, Semenyih Vista Valley, 43500 Semenyih, Selangor.","20-G, Jalan Vista Valley 3, Jalan Semenyih, Valley, 43500 Semenyih, Selangor, Malaysia",2.9580095,101.8388779,"2.9580095, 101.8388779"
230,FamilyMart Bahau,"No. 1, Jalan Kiara 1, Pusat Perniagaan Kiara, 72100 Bahau, Negeri Sembilan.","No. 1, Jalan Kiara 1, Pusat Perniagaan Kiara, 72100 Bahau, Negeri Sembilan, Malaysia",2.8101499,102.3966068,"2.8101499, 102.3966068"
231,FamilyMart Yong Peng,"No 2 (Tingkat Bawah), Jalan Cahaya Baru, Taman Sembrong, 83700 Yong Peng, Johor.","No.2 (Tingkat Bawah, Jalan Persiaran Cahaya Baru, Taman Sembrong, 83700 Yong Peng, Johor, Malaysia",2.009947,103.0691452,"2.009947, 103.0691452"
232,"FamilyMart D' Garden, Batu Pahat","PTD 61251GF, Jalan Desa Botani 1, 83000 Batu Pahat.","PTD 61251GF, Jln Desa Botani 1, Taman Emas, 83000 Batu Pahat, Johor, Malaysia",1.8667221,102.9327468,"1.8667221, 102.9327468"
233,FamilyMart Sg Besar,"No 2, Jalan Bunga Loceng Kuning,Sungai Besar Sentral, 45300 Sungai Besar, Selangor.","No 2, Jalan Bunga Loceng Kuning Sungai Besar Sentral, Sungai Besar, 45300 Sungai Besar, Selangor, Malaysia",3.673207,100.9847514,"3.673207, 100.9847514"
234,FamilyMart Sekinchan,"No. 12, Jalan Indah 2/1, Taman Indah 2, 45400 Sekinchan, Selangor.","No. 12, Jalan Indah 2/1, Taman Indah 2, 45400 Sekinchan, Selangor, Malaysia",3.5023783,101.1043996,"3.5023783, 101.1043996"
235,"FamilyMart Sri Utama, Segamat","Pusat Komersial Sri Utama, NO.5 - 7, Jalan Utama 3/2, Taman Utama, 85000 Segamat, Johor","Pusat Komersial Sri Utama, 5 - 7, Jalan Utama 3/2, Taman Utama, 85000 Segamat, Johor, Malaysia",2.5133758,102.8228564,"2.5133758, 102.8228564"
236,"FamilyMart Bukit Sentosa, Rawang","17-G, Seksyen BS1, Jalan Orkid 1F/2, Bukit Sentosa, 48300 Rawang, Selangor. ","Seksyen BS1, 17-G, Jln Orkid 1F/2, Bukit Sentosa, 48300 Rawang, Selangor, Malaysia",3.4034383,101.5604161,"3.4034383, 101.5604161"
238,FamilyMart Chulia Street,"Ground Floor, Kim Mansion Building, 332, Chulia Street, 10200 Penang.","Ground Floor, Kim Mansion Building, 332, Lbh Chulia, George Town, 10200 George Town, Pulau Pinang, Malaysia",5.4188359,100.3356463,"5.4188359, 100.3356463"
239,FamilyMart Gemas,"PT 4617 Bawah, Jalan Pekan Gemas, Pekan Gemas, 73400 Gemas, Negeri Sembilan.","PT 4617 Bawah, Jalan Pekan Gemas Pekan, Kawasan Industri Gemas, 73400 Gemas, Negeri Sembilan, Malaysia",2.5805263,102.6117326,"2.5805263, 102.6117326"
240,FamilyMart Solaria Square,"2-G-3A, Solaria Square, Jalan Tun Dr. Awang, 11900 Bayan Lepas, Pulau Pinang. ","2-G-3A, Solaria Square, Jalan Tun Dr Awang, Kampung Perlis, 11900 Bayan Lepas, Penang, Malaysia",5.3000064,100.2662579,"5.3000064, 100.2662579"
241,FamilyMart Jalan Perak,"338-D (Ground Floor), Jalan Perak, Taman Desa Green, 11600 Pulau Pinang.","338-D (Ground Floor, Jln Perak, Taman Desa Green, 11600 George Town, Pulau Pinang, Malaysia",5.3976686,100.3146735,"5.3976686, 100.3146735"
242,FamilyMart Jasin,"JA 9954, Bandar Baru Jasin 3, , 77200 Malacca.","JA 9954, Bandar Baru Jasin 3, 77200 Jasin, Malacca, Malaysia",2.2772627,102.3933024,"2.2772627, 102.3933024"
243,FamilyMart Mont Kiara,"Lot 1A New Wing, Lower Ground Floor, Mont' Kiara Shoplex, Jalan Kiara, Mont Kiara, 50480 Kuala Lumpur","Lot 1A New Wing, Lower Ground Floor, Mont Kiara Shoplex, Jalan Kiara, Mont Kiara, 50480 Wilayah Persekutuan, Wilayah Persekutuan Kuala Lumpur, Malaysia",3.1667259,101.652749,"3.1667259, 101.652749"
244,FamilyMart Gurney Paragon (Kedai Serbaneka Family Mart Kulim),"Lot G.01a & G.A6A, Ground Floor, Gurney Paragon Mall, 163D-1-01a, Persiaran Gurney, 10250 Pulau Pinang.","No 82&83 (Ground Floor, Landmark City Commercial Centre, Kampung Keladi, 09000 Kulim, Kedah, Malaysia",5.3836313,100.5465414,"5.3836313, 100.5465414"
245,FamilyMart Petron Taman Cahaya Masai,"Part of Lot 72090, Taman Cahaya Masai, 81700 Pasir Gudang, Johor","Lot 72090, Taman Cahaya Masai, 81700 Pasir Gudang, Johor, Malaysia",1.5096203,103.9228823,"1.5096203, 103.9228823"
246,FamilyMart Tampin,"PS2, Jalan Besar, Pulau Sebang, 78000 Alor Gajah, Malacca.","PS2, Jalan Besar, Pulau Sebang, 78000 Alor Gajah, Malacca, Malaysia",2.4661771,102.2312999,"2.4661771, 102.2312999"
247,FamilyMart Caltex Segamat Baru,"A portion of No. 1-1A, Jalan Nagasari, Bandar Segamat Baru, 85000 Segamat, Johor.","A portion of No.1, 1A, Jalan Nagasari, Bandar Segamat Baru, 85000 Segamat, Johor, Malaysia",2.4897367,102.8511165,"2.4897367, 102.8511165"
248,FamilyMart Masjid Tanah,"SU1463, Jalan Masjid Tanah Ria Utama, Taman Masjid Tanah Ria, 78300 Masjid Tanah, Melaka.","SU1463, Jalan Masjid Tanah Ria Utama, Taman Masjid Tanah Ria, 78300 Masjid Tanah, Malacca, Malaysia",2.3514186,102.1172806,"2.3514186, 102.1172806"
249,FamilyMart Taman Segar,"No 55, Jalan Manis 4, Taman Segar, 56100 Kuala Lumpur, Wilayah Persekutuan Kuala Lumpur.","55, Jalan Manis 4, Taman Bukit Segar, 56100 Kuala Lumpur, Wilayah Persekutuan Kuala Lumpur, Malaysia",3.09022,101.7424458,"3.09022, 101.7424458"
250,FamilyMart USM Sg Dua,"723 S-G, Vanda Business Park, Jalan Sungai Dua, 11700 Gelugor, Penang. ","723S-G, Vanda Business Park, Jalan Sungai Dua, Desa Permai Indah, 11700 Gelugor, Penang, Malaysia",5.3517515,100.2991627,"5.3517515, 100.2991627"
251,FamilyMart Jade Hills,"36, Jalan Dataran Jade 5, Jade Hills, 43000 Kajang, Selangor.","36, Jalan Dataran Jade 5, Jade Hills, 43000 Kajang, Selangor, Malaysia",2.9931393,101.7604648,"2.9931393, 101.7604648"
252,FamilyMart Caltex Jalan Song Ban Kheng,"Lot 2551, Mukim, 10, Jalan Song Ban Kheng, 14000, Pulau Pinang","Lot 2551, Mukim, 10, Jalan Song Ban Kheng, 14000 Bukit Mertajam, Pulau Pinang, Malaysia",5.3509096,100.4537758,"5.3509096, 100.4537758"
253,FamilyMart Dataran Puchong,"No: A-G-12, Block A, Dataran Puchong, Jalan PU 7/1, Taman Puchong Utama, 47140 Puchong, Selangor","A-G-12, Block A, Dataran Puchong, Jalan PU 7/1, Taman Puchong Utama, 47140 Puchong, Selangor, Malaysia",2.9909391,101.6171646,"2.9909391, 101.6171646"
254,FamilyMart C-Mart Nibong Tebal,"Unit 62 & 63a, C Mart Nibong Tebal, Taman Perindustrian Nibong Tebal, 14300 Nibong Tebal, Penang.","Unit 62 & 63a, C Mart, Taman Perindustrian Nibong Tebal, 14300 Nibong Tebal, Penang, Malaysia",5.1786529,100.4822081,"5.1786529, 100.4822081"
255,FamilyMart Caltex Setia Sentral,"No.1, Jalan Setia Sentral, Pusat Perniagaan Setia Sentral, 14000 Bukit Mertajam, Penang.","No.1, Jalan Setia Sentral, Pusat Perniagaan Setia Sentral, 14000 Bukit Mertajam, Pulau Pinang, Malaysia",5.3553914,100.4173214,"5.3553914, 100.4173214"
256,FamilyMart Caltex Salak South,"A portion of Lot 166, Salak South Garden, 57100 Kuala Lumpur.","A portion of Lot 166, Salak South Garden, 57100 Kuala Lumpur, Wilayah Persekutuan Kuala Lumpur, Malaysia",3.0830919,101.6960449,"3.0830919, 101.6960449"
257,FamilyMart Cameron Centrum (Kedai Serbaneka Family Mart),"C-G-43, Presint 1, Cameron Centrum, 39100 Brinchang, Cameron Highlands, Pahang D. M.","C-G-43, Presint 1, Cameron Centrum, Brinchang, 39100 Brinchang, Pahang, Malaysia",4.4953895,101.3895319,"4.4953895, 101.3895319"
258,FamilyMart Bukit Bakri,"No 3, Jalan Sinar Bakri 2, Pusat Perniagaan Sinar Bakri 84000 Muar, Johor,","3, Jalan Sinar Bakri 2, Pusat Perniagaan Sinar Bakri, Taman Bakri Indah, 84200 Muar, Johor, Malaysia",2.0410186,102.6562956,"2.0410186, 102.6562956"
259,FamilyMart Teluk Intan,"No.1B, Ground Floor, Laman Intan, Bandar Baru Teluk Intan, Jalan Changkat Jong, 36000 Perak.","No.1B, Ground Floor, Laman Intan, Jalan Changkat Jong, Bandar Baru Teluk Intan, 36000 Teluk Intan, Perak, Malaysia",4.0207081,101.0225687,"4.0207081, 101.0225687"
260,FamilyMart Tangkak,"LC 171, Jalan Muar, Kampung Tanjong Batu 15, 84900 Tangkak, Johor.","171, Jalan Muar, Kampung Tanjong Batu 15, 84900 Tangkak, Johor, Malaysia",2.2622591,102.5366292,"2.2622591, 102.5366292"
261,"FamilyMart Greentown, Ipoh","No. 4 (Ground Floor), Persiaran Greentown 10, Greentown Business Centre, 30450 Ipoh, Perak.","No. 4 (Ground Floor, Persiaran Greentown 10, Greentown Business Centre, 30450 Ipoh, Perak, Malaysia",4.5995962,101.0962434,"4.5995962, 101.0962434"
262,"FamilyMart Manhattan Business Centre, Station 18","Jalan Pengkalan Putra 1, Kampung Paya, 31650 Ipoh, Perak","14, Jalan Pengkalan Putra 1, Pusat Perniagaan Pengkalan Putra, 31650 Ipoh, Perak, Malaysia",4.5530371,101.0752393,"4.5530371, 101.0752393"
263,FamilyMart Bidor,"No. 2, (Ground Floor), PT 11166, No. 3, (Ground Floor), PT 11167, Jalan Tapah-Bidor,, 35500 Bidor, Perak ","No. 2, (Ground Floor), PT 11166, No. 3, (Ground Floor PT 11167 Jalan Tapah, 35500 Bidor, Perak, Malaysia",4.1132428,101.2863483,"4.1132428, 101.2863483"
264,FamilyMart Sg Udang,"No 5, Jalan Kerambit 1, Bandar Baru Sungai Udang , 76300 Melaka.","5, Jalan Kerambit 1, Bandar Baru Sungai Udang, 76300 Melaka, Malaysia",2.2904434,102.1401416,"2.2904434, 102.1401416"
265,FamilyMart Silibin,"No. 5 (Ground Floor), Jalan Silibin,Pusat Perniagaan Pertama, 30100 Ipoh, Perak.","No.5, Pusat Perniagaan Pertama, Jalan Silibin, Kawasan Perkilangan Jelapang, 30100 Ipoh, Perak, Malaysia",4.6083123,101.0607895,"4.6083123, 101.0607895"
266,FamilyMart Caltex Sunway Iskandar,"as Plot F21, Jalan Medini Selatan 1, Bandar Medini Iskandar, 79250 Iskandar Puteri, Johor.","Plot F21, Jalan Medini Selatan 1, Bandar Medini Iskandar, 79250 Iskandar Puteri, Johor, Malaysia",1.396597,103.6311497,"1.396597, 103.6311497"
267,FamilyMart Petron Tanjung Labuh,"Lot 4459, BT 2, Jalan Tanjung Labuh, 83000 Batu Pahat, Johor.","Lot 4459, BT 2, Jalan Tanjong Laboh, 83000 Batu Pahat, Johor, Malaysia",1.8377936,102.9465868,"1.8377936, 102.9465868"
269,"FamilyMart Prima Saujana, Kajang","B-G-41, Jalan Prima Saujana 2/1A, Taman Prima Saujana, 43000 Kajang, Selangor.","B-G-41, 1A, Taman, Jalan Prima Saujana 2/D, Prima Saujana, 43000 Kajang, Selangor, Malaysia",3.0083442,101.8062335,"3.0083442, 101.8062335"
270,FamilyMart CU Pavilion Bukit Jalil,"Lot 1.47.00, Level 1, Pavilion Bukit Jalil, Pusat Bandar, 2, Persiaran Jalil Utama, Bukit Jalil, 57000 Kuala Lumpur.","No.1.37, Level 1, Pavilion, Persiaran Jalil Utama, Bukit Jalil, 57000 Kuala Lumpur, Federal Territory of Kuala Lumpur, Malaysia",3.0507085,101.6707302,"3.0507085, 101.6707302"
272,"FamilyMart Botanica CT Centre, Balik Pulau","12 & 12A-G, Jalan Sungai Rusa, 11000 Balik Pulau, Pulau Pinang.","Plot 14 & 15, CT Centre1, Botanica, 11000 Balik Pulau, Pulau Pinang, Malaysia",5.3699644,100.2165112,"5.3699644, 100.2165112"
273,FamilyMart Merlimau,"JC 19, Jalan BMU 1, Bandar Baru Merlimau Utara,77300 Merlimau, Melaka.","JC 19, Jalan BMU 1, Bandar Baru Merlimau Utara, 77300 Merlimau, Melaka, Malaysia",2.1682879,102.4314651,"2.1682879, 102.4314651"
274,FamilyMart Bentong,"P11,  Jalan MG1, Pusat Perniagaan Mutiara Gemilang,28700 Bentong, Pahang.","P11, Jalan MG1, Pusat Perniagaan Mutiara Gemilang, Taman Bentung Jaya, 28700 Bentong, Pahang, Malaysia",3.5388704,101.9018853,"3.5388704, 101.9018853"
275,FamilyMart Tanjung Malim,"Lot 232, Mukim Hulu Bernam Timur, District Muallim, Perak Darul Ridzuan.","1, 35900 Tanjong Malim, Perak, Malaysia",3.691496,101.5223713,"3.691496, 101.5223713"
276,FamilyMart Caltex E-gate,"1, Lebuhraya Tun Dr Lim Chong Eu, Seksyen 4 Jelutong, 11600 Georgetown, Pulau Pinang","1, Lebuhraya Tun Dr Lim Chong Eu, Seksyen 4 Jelutong, 11600 George Town, Penang, Malaysia",5.375014,100.3152513,"5.375014, 100.3152513"
277,FamilyMart Petron Taman Prima,"LOT 202, Susur GP Prima, Taman GP Prima, 81550 Gelang Patah, Johor","LOT 202, Susur GP Prima, Taman GP Prima, 81550 Gelang Patah, Johor, Malaysia",1.4776319,103.5833301,"1.4776319, 103.5833301"
278,FamilyMart Golden Triangle 2,"35-1-1 and 35-1-2, Golden Triangle 2, Jalan Dato' Ismail Hashim, 11900 Bayan Lepas.","35-1-1 & 35-1-2, GOLDEN TRIANGLE, 2, Jalan Dato Ismail Hashim, Sungai Ara, 11900 Bayan Lepas, Pulau Pinang, Malaysia",5.329893,100.2758313,"5.329893, 100.2758313"
279,FamilyMart Caltex Batang Kali,"Part of Caltex Batang Kali, PT9610, Jalan Batang Kali, Seksyen 5 Bandar Baru Batang Kali, 44300 Batang Kali, Selangor Darul Ehsan.","PT9610, Jln Batang Kali - Genting Highlands, Seksyen 5 Bandar Baru, 44300 Batang Kali, Selangor, Malaysia",3.4524124,101.6638065,"3.4524124, 101.6638065"
280,FamilyMart Bond Square,"No.19 & 19A, Jalan Niaga Simee 1, Pusat Perniagaan Simee, 31400 Ipoh, Perak","Pusat Perniagaan Simee, Lot. 15 & 17, Jalan Niaga Simee 1, Kampung Simee, 31400 Ipoh, Perak, Malaysia",4.618147,101.1162982,"4.618147, 101.1162982"
281,FamilyMart Caltex Taman Meru,"Lot 120089, Taman Meru Industrial Estate, Jelapang, 30020 Ipoh, Perak.","Jln Jelapang, 30020 Ipoh, Perak, Malaysia",4.6515354,101.07028,"4.6515354, 101.07028"
282,FamilyMart SOHO,"Block D,G-9 Soho Ipoh, Jalan Sultan Idris Shah, 30000 Ipoh, Perak","Block D,G-9 Soho Ipoh, D-2-9, Soho Ipoh, 2, Jalan Sultan Idris Shah, 30000 Ipoh, Perak, Malaysia",4.5925199,101.0898704,"4.5925199, 101.0898704"
283,FamilyMart Klebang,"20, Jalan Nirwana 2, Taman Nirwana, 75200 Tanjung Kling, Melaka.","20, Jalan Nirwana 2, Taman Nirwana, 75200 Tanjung Kling, Melaka, Malaysia",2.2212668,102.184042,"2.2212668, 102.184042"
284,FamilyMart Kuala Kangsar,"No. 70-C Ground Floor, Jalan Kangsar, 33000 Kuala Kangsar, Perak.","70-C Ground Floor, Jalan Kangsar, Bandar Baru, 33000 Kuala Kangsar, Perak, Malaysia",4.7695841,100.9403856,"4.7695841, 100.9403856"
285,FamilyMart Senawang,"No.160-G, Jalan Taman Komersial Senawang 1, Taman Komersial Senawang, 70450 Seremban, Negeri Sembilan.","No.160-G, Jalan Taman Komersial Senawang 1, Taman Komersil Senawang, 70450 Seremban, Negeri Sembilan, Malaysia",2.7044282,101.9865197,"2.7044282, 101.9865197"
287,FamilyMart Taiping Sentral Mall,"G-01 & G-02 of Taiping Sentral Mall, No. 36, Jalan Istana Larut, 34000 Taiping, Perak","G-01 & G-02 of Taiping Sentral Mall, 36, Jalan Istana Larut, 34000 Taiping, Perak, Malaysia",4.8655231,100.7309245,"4.8655231, 100.7309245"
288,FamilyMart Tanah Rata (Kedai Serbaneka Family Mart Kulim),"41, Jalan Besar, Tanah Rata, 39000 Tanah Rata, Pahang","Kulim, Kedah, Malaysia",5.371742,100.5553372,"5.371742, 100.5553372"
289,"FamilyMart Kg Jelatang, Alor Gajah","No.17, 1, Jalan Perniagaan Jelatang 1, Pusat Perniagaan Jelatang, 78000 Alor Gajah, Melaka","17, Jalan Perniagaan Jelatang 1, Pusat Perniagaan Jelatang, 78000 Alor Gajah, Melaka, Malaysia",2.3840156,102.2165383,"2.3840156, 102.2165383"
290,FamilyMart Caltex Bandar Saujana Utama,"Lot PT 28807, Bandar Saujana Utama, Mukim Ijok, Daerah Kuala Selangor, Selangor","78, Jln SP 2/4, Seri Pristana, 47000 Sungai Buloh, Selangor, Malaysia",3.2058861,101.4717489,"3.2058861, 101.4717489"
291,FamilyMart Drive-thru Caltex Puncak Alam,"PT 42663, Jalan Persiaran Puncak Alam 6, 42300 Bandar Puncak Alam, Selangor.","PT 42663, Jalan Persiaran Puncak Alam 6, 42300 Bandar Puncak Alam, Selangor, Malaysia",3.230668,101.4508417,"3.230668, 101.4508417"
292,"FamilyMart Lot No, FamilyMart Caltex Temiang, Persiaran Sri Pulai 2, Seremban, Negeri Sembilan","Caltex Temiang, Provisional Lot No. 3, Lot No. 40766, Persiaran Sri Pulai 2, 70400 Seremban, Negeri Sembilan.","Lot No, 40766, Persiaran Sri Pulai 2, 70400 Seremban, Negeri Sembilan, Malaysia",2.7481033,101.9430693,"2.7481033, 101.9430693"
293,FamilyMart Gunung Rapat,"264, Jalan Dato Raja Nazrin Shah, Gunung Rapat, 31350 Ipoh, Perak","264, Jalan Dato Raja Nazrin Shah, Kampung Gunung Rapat, 31350 Ipoh, Perak, Malaysia",4.5700357,101.1135875,"4.5700357, 101.1135875"
294,FamilyMart Bayan Indah,"110-01-18, Persiaran Bayan Indah, 11900 Bayan Lepas, Pulau Pinang","110-01-18, Persiaran Bayan Indah, 11900 Bayan Lepas, Pulau Pinang, Malaysia",5.3385998,100.3086994,"5.3385998, 100.3086994"
295,FamilyMart Serai Wangi Mall,"Lot 54, No. 2500, Lorong Serai Wangi 4/10, Taman Serai Wangi III & IV, 09400 Padang Serai, Kedah.","No. 2500, lll & lV, 10, Lor Serai Wangi 14/4, Taman Serai Wangi, 09400 Padang Serai, Kedah, Malaysia",5.5164742,100.5342911,"5.5164742, 100.5342911"
296,FamilyMart Caltex Tambun,"PT 126050, Jalan Tambun, 31400 Ipoh, Perak","PT 126050, Jalan Tambun, 31400 Ipoh, Perak, Malaysia",4.6071835,101.1292337,"4.6071835, 101.1292337"
297,FamilyMart Caltex Persiaran Mokhtar Dahari,"PT29780, Kg. Bukit Cherakah, Seksyen U15, Bukit Raja, 42200 Petaling Jaya, Selangor.","PT29780, Kg, Jln Bukit Cerakah, Seksyen U15, 42200 Petaling Jaya, Selangor, Malaysia",3.1699504,101.4693042,"3.1699504, 101.4693042"
298,FamilyMart Gambir Square,"Lot No. A12, Gambir Square, Bandar Baru Bukit Gambir, 84700 Tangkak, Johor.","Lot No. A12, Gambir Square Bandar Baru Bukit Gambir, Kampung Parit Rabu, 84700 Tangkak, Johor, Malaysia",2.2127861,102.6514494,"2.2127861, 102.6514494"
301,FamilyMart Seremban Uptown 2,"No. 348, Jalan S2 B8 Uptown Avenue, Seremban 2, Seremban.","348, Jalan S2 B8, Uptown Avenue Seremban 2, 70300 Seremban, Negeri Sembilan, Malaysia",2.6961408,101.9103793,"2.6961408, 101.9103793"
302,FamilyMart Eco Majestic,"No. 43-1, Jalan Eco Majestic 10/1A, Eco Majestic, 43500 Semenyih, Selangor.","No. 43, Eco Majestic, 1, Jln Eco Majestic 10/1A, 43500 Semenyih, Selangor, Malaysia",2.9012783,101.8348185,"2.9012783, 101.8348185"
303,FamilyMart Kota Warisan,"No. G-13 (Ground Floor), Jalan Warisan Sentral 1, KIP Sentral, Kota Warisan, 43900 Sepang, Selangor","No. G-13 (Ground Floor), Jalan Warisan Sentral 1, KIP Sentral, Kota Warisan, 43900 Sepang, Selangor, Malaysia",2.8182203,101.6941524,"2.8182203, 101.6941524"
304,FamilyMart Bandar Enstek,"No. 26, Jalan Timur 6 / 1A, Timur@Enstek, 71760 Bandar Enstek, Negeri Sembilan","No.26, 1A, Jalan Timur 6, Timur@Enstek, 71760 Bandar Baru Enstek, Negeri Sembilan, Malaysia",2.7471301,101.7649457,"2.7471301, 101.7649457"
305,FamilyMart Iconic Point,"101-G & 103-G, Jalan Iconic Point, Iconic Point, 14100 Simpang Ampat.","Iconic Point Business Park, 2, Jalan Iconic Point, 14100 Simpang Ampat, Pulau Pinang, Malaysia",5.2840652,100.4762977,"5.2840652, 100.4762977"
306,FamilyMart KL Traders Square,"11-G (GF), Plaza KL Traders Square, Block A, Jalan Gombak, 53000 Kuala Lumpur.","11-G (GF), Plaza KL Traders Square, Block A, Jln Gombak, Kampung Kuantan, 53000 Wilayah Persekutuan, Wilayah Persekutuan Kuala Lumpur, Malaysia",3.2038371,101.7027032,"3.2038371, 101.7027032"
307,FamilyMart Desaru,"155, Jalan Jelutong, Taman Desaru Utama, Bandar Penawar, 81930 Johor.","155, Jln Jelutong 1, Taman Desaru Utama, 81930 Bandar Penawar, Johor, Malaysia",1.5731879,104.2169088,"1.5731879, 104.2169088"
308,FamilyMart Larkin Town Centre,"PTB 24504, Larkin Town Centre, Jalan Geroda 2/1, 81200 Johor Bahru.","PTB 24504, Larkin Town Centre, 2/1, Jalan Garuda, Larkin Jaya, 81200 Johor Bahru, Johor, Malaysia",1.4954804,103.7414696,"1.4954804, 103.7414696"
309,FamilyMart Tanjung Bungah,"533b, Jalan Tanjung Bungah, 11200 Tanjung Bungah, Pulau Pinang.","533b, Jalan Tanjung Bungah, 11200 Tanjung Bungah, Pulau Pinang, Malaysia",5.4664183,100.2864664,"5.4664183, 100.2864664"
310,FamilyMart Caltex Batu Maung,"Jalan Batu Maung, Diamond Valley Industrial Park, 11960 Batu Maung, Pulau Pinang.","Jalan Batu Maung, Diamond Valley Industrial Park, 11960 Batu Maung, Pulau Pinang, Malaysia",5.2816041,100.2740149,"5.2816041, 100.2740149"
311,FamilyMart Kulim,"Plot 55 & 56 (Ground Floor), Landmark City Commercial Centre, Kulim, Kedah.","No 82&83 (Ground Floor, Landmark City Commercial Centre, Kampung Keladi, 09000 Kulim, Kedah, Malaysia",5.3836313,100.5465414,"5.3836313, 100.5465414"
312,FamilyMart Sungai Siput,"No.2 & 3 ( Ground Floor ), Persiaran Persona 1 Medan Persona, 31100 Sungai Siput, Perak.","No.2 & 3 ( Ground Floor, Persiaran Persona 1, Medan Persona, 31100 Sungai Siput, Perak, Malaysia",4.8163852,101.0783916,"4.8163852, 101.0783916"
313,FamilyMart Raub,"No. 23A, Ground Floor, Pusat Perniagaan, 27600 Raub District, Pahang.","No. 23A, Ground Floor, Pusat Perniagaan, 27600 Raub, Pahang, Malaysia",3.7903901,101.856202,"3.7903901, 101.856202"
314,FamilyMart Parit Buntar,"Unit G-6 & G-7, Kompleks Perniagaan Parit Buntar, No. 199, Jalan Taiping, 34200 Parit Buntar, Perak Darul Ridzuan.","Unit G-6 & G-7, Kompleks Perniagaan, 199, Jalan Taiping, 34200 Parit Buntar, Perak, Malaysia",5.1274526,100.4894328,"5.1274526, 100.4894328"
315,FamilyMart The Core,"No. 3, Jalan Teknologi 3/6B, Taman Sains Selangor, Sek 3, Kota Damansara, 47810 Petaling Jaya, Selangor.","3, Jalan Teknologi 3/6B, Taman Sains Selangor 1, 47810 Petaling Jaya, Selangor, Malaysia",3.1570698,101.5707966,"3.1570698, 101.5707966"
316,FamilyMart TTDI Grove,"No. 70-1, Jalan TTDI Grove 1/1, Taman TTDI Grove, 43000 Kajang, Selangor.","No. 70, 1, Jalan TTDI Grove 1/1, 43000 Kajang, Selangor, Malaysia",2.9962582,101.8139927,"2.9962582, 101.8139927"
317,FamilyMart Caltex Ulu Yam,"A portion of PT 545, Kampung Batu 30, Mukim Hulu Yam, Daerah Hulu Selangor, Selangor Darul Ehsan.","Part of Caltex Ulu Yam, PT 545, Mukim, Kampung Batu 30, 44300 Batang Kali, Selangor, Malaysia",3.439029,101.6316941,"3.439029, 101.6316941"
318,FamilyMart Caltex S2 Heights,"PT 27159, Jalan Rimbun Indah 2, S2 Heights, 70300 Seremban, Negeri Sembilan","PT 27159, Jalan Rimbun Indah 2, S2 Heights, 70300 Seremban, Negeri Sembilan, Malaysia",2.7118028,101.8891042,"2.7118028, 101.8891042"
319,FamilyMart Caltex Dengkil Bypass,"PT 3353, KM48.7, Jalan Pintasan Dengkil-Putrajaya (FT29) Arah Utara, 43800 Dengkil, Selangor Darul Ehsan.","PT 3353, KM48.7, Jalan Pintasan Dengkil-Putrajaya, FT29) Arah Utara, 43800 Dengkil, Selangor, Malaysia",2.8692263,101.6851197,"2.8692263, 101.6851197"
321,FamilyMart Seri Botani,"No.2, Jalan Lapangan Siber 10, Bandar Cyber, 31350 Ipoh, Perak.","2, Jalan Lapangan Siber 10, Bandar Cyber, 31350 Ipoh, Perak, Malaysia",4.5434794,101.1099572,"4.5434794, 101.1099572"
322,FamilyMart Batu Gajah,"No.11-G (Ground floor), Jalan Kemajuan, 31000 Batu Gajah, Perak.","11, Jalan Kemajuan, Kampung Sungai Terap, 31000 Batu Gajah, Perak, Malaysia",4.4726131,101.0415457,"4.4726131, 101.0415457"
323,FamilyMart Eco Borealis,"31-G & 33-G, Jalan Borealis 3, Pusat Komersial Borealis, 14100 Bandar Cassia, Pulau Pinang. ","31-G & 33-G, Jalan Borealis 3, Lebuhraya Bandar Cassia, Pusat Komersial Borealis, 14110 Simpang Ampat, Penang, Malaysia",5.2364748,100.4432475,"5.2364748, 100.4432475"
324,FamilyMart Bandar Tasik Puteri,"No. 106G, Jalan 7A/2, Medan Puteri, Bandar Tasik Puteri, 48020 Rawang, Selangor.","Medan Puteri, 106G, Jalan 7a/2, Bandar Tasik Puteri, 48020 Rawang, Selangor, Malaysia",3.2832006,101.4734552,"3.2832006, 101.4734552"
325,FamilyMart Seri Iskandar,"No. 2 & 3 (Ground Floor), Persiaran SIBC 2, Seri Iskandar Business Centre, 32610, Seri Iskandar, Perak. ","No. 2 & 3 (Ground Floor, Persiaran SIBC 2, Business Centre, 32610 Seri Iskandar, Perak, Malaysia",4.3583297,100.9670962,"4.3583297, 100.9670962"
326,FamilyMart Subang Bestari,"1-G, Jalan Nova U5/N, Subang Bestari Sek U5, 40150 Shah Alam, Selangor.","1-G, Jalan Nova U5/N, Subang Bestari Sek U5, Subang Bestari Sek, U5 Shah Alam, 40150 Shah Alam, Selangor, Malaysia",3.1789571,101.5477976,"3.1789571, 101.5477976"
327,FamilyMart Bentong Prima,"P65-G, Jalan Prima 1, Pusat Komersial Bentong Prima, 28700 Bentong, Pahang.","P65-G, Jalan Prima 1, Pusat Komersial Bentong Prima, 28700 Bentong, Pahang, Malaysia",3.5148148,101.9136332,"3.5148148, 101.9136332"
329,FamilyMart melati utama,"37G, Jalan Taman Melati Utama 4, Taman Melati Utama, 53100 Wilayah Persekutuan Kuala Lumpur.","Melati Utama, 53100 Kuala Lumpur, Wilayah Persekutuan Kuala Lumpur, Malaysia",3.223253,101.7278651,"3.223253, 101.7278651"
330,FamilyMart Kuala Lipis,"No. 3 & 4, Jalan Pusat Perniagaan Barry, Pusat Perniagaan Barry @ Kuala Lipis, 27200 Lipis, Pahang Darul Makmur.","Jalan Barry, 27200 Kuala Lipis, Pahang, Malaysia",4.1894347,102.0497573,"4.1894347, 102.0497573"
331,FamilyMart Taman Yayasan,"No 15, Jalan PKY 1, Pusat Komersial Yayasan, 85000 Segamat.","15, Jalan PKY 1, Pusat Komersial Yayasan, 85000 Segamat, Johor, Malaysia",2.5476893,102.793637,"2.5476893, 102.793637"
332,FamilyMart Simpang Renggam,"13, Jalan Kijang, Taman Mohd Yassin, 86200 Simpang Renggam.","13, Jln Kijang, Taman Rekamas, 86200 Simpang Renggam, Johor, Malaysia",1.8225591,103.3143259,"1.8225591, 103.3143259"
333,FamilyMart Mantin,"No. 15 & 16, Jalan Surian 11, Taman Surian, 71700 Mantin, Negeri Sembilan","15 & 16, Jalan Surian 11, Taman Surian, 71700 Mantin, Negeri Sembilan, Malaysia",2.8355965,101.8675429,"2.8355965, 101.8675429"
334,FamilyMart Southville,"Savanna Lifestyle Retail, Jalan BBLS 2 Bandar Baru Lembah Selatan Bandar Baru, Lembah Selatan, 43800 Dengkil, Selangor.","Savanna Lifestyle Retail Jalan BBLS 2 Bandar Baru, Lembah Selatan, Bandar Baru, Lembah Selatan, 43800 Dengkil, Selangor, Malaysia",2.903016,101.7622927,"2.903016, 101.7622927"
335,FamilyMart Caltex Teluk Air Tawar,"Jalan Teluk Air Tawar, Teluk Air Tawar, 13050 Butterworth, Pulau Pinang.","Jalan Teluk Air Tawar, Telok Air Tawar, 13050 Butterworth, Pulau Pinang, Malaysia",5.4792454,100.3839225,"5.4792454, 100.3839225"
336,FamilyMart Bandar Baru Kampar,"No.2222 (Ground Floor), Jalan Batu Karang, Taman Bandar Baru, 31900 Kampar, Perak.","No.2222 (Ground Floor, Jalan Batu Karang, Taman Bandar Baru, 31900 Kampar, Perak, Malaysia",4.3265718,101.146038,"4.3265718, 101.146038"
337,FamilyMart Sikamat,"No. 9 (Ground Floor), Jalan Seri Pandan 1 Taman Seri Pandan, Kampung Sikamat Lama, 70400, N9","No. 9 (Ground Floor), Jalan Seri Pandan 1, Taman, Persiaran Seri Pandan, Kampung Sikamat Lama, 70400 Sikamat, Negeri Sembilan, Malaysia",2.7476686,101.971619,"2.7476686, 101.971619"
338,FamilyMart Caltex Jalan Pudu,"Jalan Pudu, Pudu, 55100 Kuala Lumpur, Wilayah Persekutuan Kuala Lumpur","Jln Pudu, Pudu, 55100 Kuala Lumpur, Wilayah Persekutuan Kuala Lumpur, Malaysia",3.1371042,101.7113371,"3.1371042, 101.7113371"
339,FamilyMart Bandar Baru Sungai Buloh,"No. 374, Jalan 1a/3, Bandar Baru Sungai Buloh, 47000 Sungai Buloh, Selangor.","Jalan 1a/3, Bandar Baru Sungai Buloh, 47000 Sungai Buloh, Selangor, Malaysia",3.2117519,101.5642573,"3.2117519, 101.5642573"
340,FamilyMart Pusat Perniagaan Putra Raub,"No. 111, Lorong Putra Raub 2, Pusat Perniagaan Putra Raub, 27600 Raub, Pahang.","No. 111, Lorong Putra Raub 2, Pusat Perniagaan Putra, 27600 Raub, Pahang, Malaysia",3.8071358,101.854473,"3.8071358, 101.854473"
341,FamilyMart Klebang Restu,"Laluan Klebang Restu 2, Medan Klebang Restu, 31200 Chemor, Perak","64, Laluan Klebang Restu 2, Medan Klebang Restu, 31200 Chemor, Perak, Malaysia",4.6820626,101.1215785,"4.6820626, 101.1215785"
342,FamilyMart Tapah,"103, Jalan Baldwin 3, Pusat Perniagaan Baldwin, 35000 Tapah, Perak","103, Jalan Baldwin 3, Pusat Perniagaan Baldwin, 35000 Tapah, Perak, Malaysia",4.1958388,101.2632779,"4.1958388, 101.2632779"
343,FamilyMart Ferringhi Walk,"72C-G-2 & 72C-G-3, Jalan Batu Ferringhi, 11100 Batu Ferringhi, Pulau Pinang.","72C-G-2 & 72C-G-3, Jalan Batu Ferringhi, 11100 Batu Ferringhi, Pulau Pinang, Malaysia",5.4743592,100.2483069,"5.4743592, 100.2483069"
344,FamilyMart Temu Shop Elmina,"No.71 (GF), Jalan Eserina Y U16/Y, Elmina East, 40160 Shah Alam, Selangor.","No.71 (GF), Jalan Eserina Y U16/Y, Elmina East, 40160 Shah Alam, Selangor, Malaysia",3.1849626,101.5266572,"3.1849626, 101.5266572"
345,FamilyMart Pinggiran Batu Caves,"41-G Pinggiran Batu Caves, Jalan TPI 1/5, 68100 Batu Caves, Selangor?","41G, Jalan PGN 1A/1, Taman Pinggiran, 68100 Batu Caves, Selangor, Malaysia",3.2505885,101.6924844,"3.2505885, 101.6924844"
346,FamilyMart Putra Heights,"No. 19, Jalan Putra Mahkota 7/6c, Putra Heights, 47650 Subang Jaya, Selangor","19, Jalan Putra Mahkota 7/6c, Pusat Bandar Putra Point, 47650 Subang Jaya, Selangor, Malaysia",2.9963773,101.57355,"2.9963773, 101.57355"
347,FamilyMart Dagang Avenue,"No. G-16, Dagang Avenue, Jalan Dagang B/3A, Taman Dagang, 68000 Ampang, Selangor.","No G-16 Dagang Avenue, Jalan Dagang B/3a, Taman Dagang, 68000 Ampang Jaya, Selangor, Malaysia",3.1488657,101.754536,"3.1488657, 101.754536"
348,FamilyMart Pusat Bandar Putra Nilai,"Ground Floor, PT 12167, Jalan BBN 1/1F, Putra Nilai, 71800 Nilai, Negeri Sembilan","Ground Floor, PT 12167, Jalan BBN 1/1F, Putra Nilai, Putra Point, 71800 Nilai, Negeri Sembilan, Malaysia",2.814084,101.797268,"2.814084, 101.797268"
349,FamilyMart Hillpark Residence,"No. 6-G, Jalan 1/2, Hillpark Residence, Bandar Teknologi, 43500 Semenyih, Selangor","JueMal BTK, 6-G, Jalan 1/2, Bandar Teknologi Kajang, 43500 Semenyih, Selangor, Malaysia",2.970765,101.827002,"2.970765, 101.827002"
351,FamilyMart Bukit Rambai,"No. 33, Jalan Rambai Jaya 29, Taman Rambai Jaya, 75260 Melaka.","33, Jalan Rambai Jaya 29, Taman Rambai Jaya, 75250 Melaka, Malaysia",2.2639725,102.1886075,"2.2639725, 102.1886075"
352,FamilyMart Kelapa Sawit Taman Impiana Jalan Impiana 1 Kelapa Sawit Kulai Johor,"No. 23(GF), Jalan Impiana 1, Taman Impiana, Kelapa Sawit, 81030 Kulai, Johor","Taman Impiana, No. 9(GF, Jln Impiana 1, Kelapa Sawit, 81030 Kulai, Johor, Malaysia",1.6756703,103.5312147,"1.6756703, 103.5312147"
353,FamilyMart Alma,"No. 1 (Ground & Mezzanine), Persiaran Seri Impian, Pusat Perniagaan Mahkota Impian, 14000 Bukit Mertajam, Pulau Pinang.","1, Persiaran Seri Impian, Pusat Perniagaan Mahkota Impian, 14000 Bukit Mertajam, Pulau Pinang, Malaysia",5.3182091,100.4768709,"5.3182091, 100.4768709"
354,FamilyMart Bandar Kinrara,"No. 53-G , Jalan BK 5A/2, Bandar Kinrara, 47180 Puchong, Selangor","53-G, Jalan BK 5a/2, Bandar Kinrara, 47180 Puchong, Selangor, Malaysia",3.0465138,101.6457375,"3.0465138, 101.6457375"
355,FamilyMart Petron Medan Sejahtera,"Stesen Minyak Petron, PT 50174 (Lot Lama 44434), Jalan Sitiawan-Lumut, 32000 Sitiawan, Perak","Stesen Minyak Petron, PT 50174 (Lot Lama 44434 Jalan Sitiawan, 32000 Sitiawan, Perak, Malaysia",4.2112233,100.6821405,"4.2112233, 100.6821405"
356,FamilyMart Desa Petaling,"39-G, Jalan 1/125D, Desa Petaling, 57100 Kuala Lumpur.","39-G, Jln 1/125d, Desa Petaling, 57100 Kuala Lumpur, Wilayah Persekutuan Kuala Lumpur, Malaysia",3.083052,101.7045683,"3.083052, 101.7045683"
357,FamilyMart Taman Sejati,"No. 3A & 5 (Ground Floor), Jalan Permatang Gedong, Taman Sejati Indah, 08000 Sungai Petani, Kedah Darul Aman","No.5, Ground Floor Gedung, Jalan Permatang Gedong, Taman Sejati Indah, 08000 Sungai Petani, Kedah, Malaysia",5.6135673,100.4826807,"5.6135673, 100.4826807"
358,FamilyMart Bangi Seksyen 7,"No.43 Jalan 7/7C, Seksyen 7, 43650 Bandar Baru Bangi, Selangor.","43, Jalan 7/7c, Seksyen 7, 43650 Bandar Baru Bangi, Selangor, Malaysia",2.9699452,101.774515,"2.9699452, 101.774515"
359,FamilyMart Puchong Permai,"No. 11G, Jalan Puchong Permai 2, Taman Puchong Permai, , 47100 Puchong, Selangor","11G, Jalan Puchong Permai 2, Taman Puchong Permai, 47100 Puchong, Selangor, Malaysia",3.00864,101.5995782,"3.00864, 101.5995782"
360,FamilyMart Mentakab,"No.64 & 65, Jalan Temerloh, 28400 Mentakab, Pahang.","67, Jalan Temerloh - Mentakab, Taman Bendera, 28400 Mentakab, Pahang, Malaysia",3.4850108,102.3493915,"3.4850108, 102.3493915"
361,FamilyMart Wangsa Melawati,"No. 33-G, Jalan Wangsa Setia 1, Taman Wangsa Melawati, 53300 Kuala Lumpur.","33-G, Jalan Wangsa Setia 1, Taman Wangsa Melawati, Wangsa Melawati, 53300 Kuala Lumpur, Wilayah Persekutuan Kuala Lumpur, Malaysia",3.2097856,101.7441514,"3.2097856, 101.7441514"
362,FamilyMart Saujana Utama,"88G, Jalan Bidara 6/3, Saujana Utama 3, 47000 Sungai Buloh, Selangor.","88G, Jalan Bidara 6/3, Saujana Utama 3, 47000 Sungai Buloh, Selangor, Malaysia",3.2020081,101.4874384,"3.2020081, 101.4874384"
363,FamilyMart Maju Utama,"No. 30G, Lorong Maju Utama 1, Pusat Perniagaan Maju Utama, 14000 Bukit Mertajam, Pulau Pinang.","30G, Lorong Maju Utama 1, Pusat Perniagaan Maju Utama, 14000 Bukit Mertajam, Pulau Pinang, Malaysia",5.3515447,100.4724291,"5.3515447, 100.4724291"
364,FamilyMart Pengerang,"No. 87-1, Ground Floor, Jalan Hee Seng, Sungai Rengit, 81600 Pengerang, Kota Tinggi, Johor","No. 87-1, Ground Floor, Jalan Hee Seng, Kampung Sungai Rengit, 81600 Pengerang, Johor, Malaysia",1.3505921,104.2238119,"1.3505921, 104.2238119"
365,FamilyMart Kotasas,"R-15, Tasek Commercial Centre, Kota Sultan Ahmad Shah, 25200 Kuantan, Pahang Darul Makmur.","R-15, Tasek Commercial Centre, Kota Sultan Ahmad Shah, 25200 Kuantan, Pahang, Malaysia",3.8707161,103.2742359,"3.8707161, 103.2742359"
366,FamilyMart Taman Lumut Indah 2 Bukit Permata Lumut Perak,"No. 7 (Ground Floor), Jalan Lumut Indah 2/1, Taman Lumut Indah II, 32200 Lumut, Perak","No. 7 (Ground Floor, Jalan Lumut Indah 2/1, Taman Lumut Indah II, 32200 Lumut, Perak, Malaysia",4.2089764,100.6387853,"4.2089764, 100.6387853"
367,FamilyMart Durian Tunggal,"DT 975, Pekan Durian Tunggal, 76100 Durian Tunggal, Melaka.","DT 975, Pekan, 76100 Durian Tunggal, Malacca, Malaysia",2.3122614,102.2827561,"2.3122614, 102.2827561"
368,FamilyMart Taman Mas Jaya,"No 21 (Ground Floor), Jalan Perniagaan Jaya, Pusat Perniagaan Mas Jaya, 84000 Muar, Johor.","21, Jalan Perniagaan Jaya, Pusat Perniagaan Mas Jaya, 84000 Muar, Johor, Malaysia",2.0687237,102.5791038,"2.0687237, 102.5791038"
369,FamilyMart Caltex Tanjung Tokong,"A Portion of 5B, Mukim 18, Persiaran Tanjung Tokong, 10740 Pulau Pinang.","5B, Mukim, 18, Jln Tanjung Tokong, Kampung Masjid, 10740 Tanjung Tokong, Penang, Malaysia",5.4461175,100.3048287,"5.4461175, 100.3048287"
370,FamilyMart Caltex Jalan Kuala Ketil,"No.10, Jalan Cindai Jaya 1A, Taman Cindai Jaya, 08000 Sungai Petani, Kedah","No.10, Jalan Cindai Jaya 1A, Taman Cindai Jaya, 08000 Sungai Petani, Kedah, Malaysia",5.6257186,100.5284214,"5.6257186, 100.5284214"
371,FamilyMart Alor Setar,"NO. S7 & S12, Lot 92, Jalan Istana Kuning, 05000 Alor Setar, Kedah.","No. S7 & S12 Lot, 92, Jalan Istana Kuning, Bandar Alor Setar, 05000 Alor Setar, Kedah, Malaysia",6.125105,100.3688508,"6.125105, 100.3688508"
373,FamilyMart Ayer Tawar,"No.10 (Ground floor), Jalan Seri Sentosa 1, Taman Medan Seri Sentosa, 32400 Ayer Tawar, Perak.","No.10 (Ground floor, Jalan Seri Sentosa 1, Taman Medan Seri Sentosa, 32400 Ayer Tawar, Perak, Malaysia",4.2939516,100.7533501,"4.2939516, 100.7533501"
375,FamilyMart Pantai Remis,"16 (Ground Floor), Jln Pantai Makmur 2/1, Taman Pantai Makmur, 34900 Pantai Remis, Perak","16 (Ground Floor, Jln Pantai Makmur 2/1, Taman Pantai Makmur, 34900 Pantai Remis, Perak, Malaysia",4.4438381,100.6267469,"4.4438381, 100.6267469"
376,FamilyMart Caltex Tandop,"Jalan Dato' Syed Omar, Kampung Teluk Bagan, 05050 Alor Setar, Kedah","Jalan Dato' Syed Omar, Kampung Teluk Bagan, 05050 Alor Setar, Kedah, Malaysia",6.0687322,100.3651436,"6.0687322, 100.3651436"
377,FamilyMart Kuala Sg Baru,"SI17, Jalan Kuala Sungai Baru Ilir Jaya Utama, Taman Sungai Baru Ilir Jaya, 78000 Alor Gajah, Melaka.","SI17, Jalan Kuala, Jalan Sungai Baru Ilir Jaya Utama, Taman Sungai Baru Ilir Jaya, 78000 Alor Gajah, Melaka, Malaysia",2.3663784,102.0511629,"2.3663784, 102.0511629"
378,FamilyMart Lobak,"No. 13 (GF), Jalan PKL 2, Pusat Komersial Locak, 70200 Seremban.","No. 13 (GF, Jalan PKL 2, Pusat Komersial Locak, 70200 Seremban, Negeri Sembilan, Malaysia",2.7273085,101.925913,"2.7273085, 101.925913"
379,FamilyMart Temerloh,"No. 4&6, Jalan Sudirman 1, Bandar Sri Semantan, 28000 Temerloh, Pahang.","No. 4 & 6, Jalan Sudirman 1, Bandar Sri Semantan, 28000 Temerloh, Pahang, Malaysia",3.4490852,102.4153658,"3.4490852, 102.4153658"
380,FamilyMart IOI City Mall 2,"Lot LG218, IOI City Tower Two Lebuh IRC, IOI Resort, 62502 Putrajaya, Selangor","2, Lbh IRC, Ioi Resort, 43000 Putrajaya, Selangor, Malaysia",2.9690719,101.7170805,"2.9690719, 101.7170805"
381,FamilyMart Taman Samudra,"13A-G, Prima Samudera, Jalan 11, Lorong Samudera Utara, Taman Samudra, 68100 Batu Caves, Selangor","13A-G, Prima Samudera, Jalan 11, Lorong Samudera Utara, Taman Samudra, 68100 Batu Caves, Selangor, Malaysia",3.234084,101.6952502,"3.234084, 101.6952502"
382,FamilyMart Caltex Selama,"A portion of Caltex Petrol Station at Lot 5863, Jalan Selama Kedah, 34100 Selama, Perak.","Perak MY, Lot 5863, Jln Selama - Alor Pongsu, 34100 Selama, Kedah, Malaysia",5.2245285,100.6875028,"5.2245285, 100.6875028"
383,FamilyMart Simpang Kuala,"No. 65 (Ground Floor), Jalan PSK 1, Pekan Simpang Kuala, 05400 Alor Setar, Kedah. ","No. 65 (Ground Floor, Jalan Psk Satu, Pekan Simpang Kuala, 05400 Alor Setar, Kedah, Malaysia",6.099924,100.3641615,"6.099924, 100.3641615"
384,FamilyMart Jalan Beserah,"B-272, Ground Floor, Jalan Beserah, 25300 Kuantan, Pahang","B-272, Ground Floor, Jalan Beserah, Taman Berserah, 25300 Kuantan, Pahang, Malaysia",3.8264027,103.3370106,"3.8264027, 103.3370106"
385,FamilyMart Rengit,"No. 85 & 87, Lot 88 & 89, Jalan Besar, 83100 Rengit, Batu Pahat, Johor.","No. 85 & 87, Lot, 88 & 89, Jln Besar, Rengit, 83100 Rengit, Johor, Malaysia",1.6801679,103.1480969,"1.6801679, 103.1480969"
386,FamilyMart Ampang Business Centre,"Lot 12A, PT111, Kompleks Perniagaan Ampang, Sultanah Bahiyah Hwy, Taman Bahagia, 05050 Alor Setar, Kedah.","Lot 12A, PT111, Kompleks Perniagaan Ampang, Lebuhraya Sultanah Bahiyah, Taman Bahagia, 05050 Alor Setar, Kedah, Malaysia",6.1118605,100.3515096,"6.1118605, 100.3515096"
387,FamilyMart Sitiawan,"No. 52 & 53 (Ground Floor), Lorong Bunga Ros 1, Taman Bunga Ros, 32000 Perak.","No. 52 & 53 (Ground Floor, Lorong Bunga Ros 1, Taman Bunga Ros, 32000 Sitiawan, Perak, Malaysia",4.2081325,100.6972179,"4.2081325, 100.6972179"
388,FamilyMart Dataran Selayang,"16-G, Jalan Dataran Selayang 1, Dataran Selayang, 68100 Batu Caves, Selangor.","16-G, 1, Jalan Dataran Selayang, Dataran Selayang, 68100 Batu Caves, Selangor, Malaysia",3.2377235,101.6737924,"3.2377235, 101.6737924"
389,FamilyMart Taman Tasik Indah Kluang,"No 126, Jalan Tasik Indah 1/4, Taman Tasik Indah, 86000 Kluang, Johor","126, Jln Tasik Indah 1/4, Taman Tasik Indah, 86000 Kluang, Johor, Malaysia",1.9943949,103.2954252,"1.9943949, 103.2954252"
390,FamilyMart Caltex Lagenda Heights,"301, Jalan Legenda 1, Lagenda Heights, 08000 Sungai Petani, Kedah.","301, Jalan Legenda 1, Lagenda Heights, 08000 Sungai Petani, Kedah, Malaysia",5.6643687,100.503579,"5.6643687, 100.503579"
394,FamilyMart Jerantut,"No. 4, Tingkat Bawah Lorong SU 1/1, 98, 27000 Jerantut, Pahang","No. 4, Tingkat Bawah, 98, Lorong SU 1/1, Kampung Padang Saujana, 27000 Jerantut, Pahang, Malaysia",3.9279834,102.3812973,"3.9279834, 102.3812973"
396,FamilyMart Lukut,"No. 23 (G), Jalan Hartamas 1, Taman Lukut Hartamas, 71010 Port Dickson, Negeri Sembilan.","No. 23 (G, Jalan Hartamas 1, Taman Lukut Hartamas, 71010 Port Dickson, Negeri Sembilan, Malaysia",2.5680894,101.8287771,"2.5680894, 101.8287771"
397,FamilyMart Paroi,"406, Persiaran Rajawali, Taman Paroi Jaya, 70400 Seremban, N9","406, Persiaran Rajawali, Taman Paroi Jaya, 70400 Seremban, Negeri Sembilan, Malaysia",2.7306832,101.9853653,"2.7306832, 101.9853653"
398,FamilyMart S2-3-L11 Departure Level Public Concourse (Landside) KLIA2 64000 Sepang Selangor,"S2-3-L11, Departure Level, Public Concourse (Landside), KLIA2, 64000 Sepang, Selangor","KLIA2, 43900, Selangor, Malaysia",2.744636,101.68588,"2.744636, 101.68588"
401,FamilyMart Caltex AMJ Paya Rumput,"No. 17, Jalan Inang 4, Taman Paya Rumput Utama, Taman Seri Paya Rumput, 76450 Malacca.","5062, Lebuh AMJ, Taman Seri Paya Rumput, 76450 Melaka, Malaysia",2.3006364,102.2160995,"2.3006364, 102.2160995"
402,FamilyMart Caltex Mayang Permai,"A portion of Stesen Minyak Mayang Pasir Permai, No. 23, Jalan Tengah, Bayan Baru, Mukim 12, 11950 Bayan Lepas, Pulau Pinang.","23, Jalan Tengah, Bayan Baru, 11950 Bayan Lepas, Pulau Pinang, Malaysia",5.3197696,100.2844424,"5.3197696, 100.2844424"
403,FamilyMart Caltex Krubong,"A portion of Lot PT 12724 Mukim Krubong, Melaka Tengah,75260 Melaka.","A portion of Lot, PT 12724, Mukim, 75260 Krubong, Melaka, Malaysia",2.2972546,102.2483136,"2.2972546, 102.2483136"
405,FamilyMart Jerai Plaza,"Lot No. M1, 31, 32 & 33, Jerai Plaza, No. 1, Taman Jerai Maju 1, 08300 Gurun, Kedah.","Lot No. M1, 31, 32 & 33, Jerai Plaza, No. 1, 1, Taman Jerai Maju, 08300 Gurun, Kedah, Malaysia",5.8171089,100.4827659,"5.8171089, 100.4827659"
406,FamilyMart Taman Sri Serdang,"11, Jalan 18/33A, Taman Sri Serdang, 43300 Seri Kembangan, Selangor.","11, Jln 18/33A, Taman Sri Serdang, 43300 Seri Kembangan, Selangor, Malaysia",3.008462,101.7144034,"3.008462, 101.7144034"
408,FamilyMart IM8,"B 138 & B 140 (Ground Floor), Lorong IM 8/33, Jalan Sungai Lembing, Bandar Indera Mahkota 8, 25200 Kuantan, Pahang  Darul Makmur","B 138 & B 140 (Ground Floor), Lorong IM 8, 8, 33, Jalan Sungai Lembing, Bandar Indera Mahkota, 25200 Kuantan, Pahang, Malaysia",3.8265751,103.3031414,"3.8265751, 103.3031414"
409,FamilyMart Riverfront Kuantan,"Bangunan Lama MPK, Majlis, Jalan Tanah Putih, 25100 Kuantan, Pahang","Bangunan Lama MPK, Majlis, Jalan Tanah Putih, Tanah Putih, 25100 Kuantan, Pahang, Malaysia",3.7985071,103.3218395,"3.7985071, 103.3218395"
410,FamilyMart Bandar Country Homes,"No. G-15, Avia Plus, Jalan Desa Utama, Bandar Country Homes, 48000 Rawang, Selangor.","No. G-15, Avia Plus, Jalan Desa Utama, Bandar Country Homes, 48000 Rawang, Selangor, Malaysia",3.3235412,101.5266341,"3.3235412, 101.5266341"
412,FamilyMart Petron Genting Permai,"Part of Petron Genting Permai, Lot 21078, Jalan Permai 2, Genting Permai Avenue Bentong, 69000 Genting Highlands, Pahang.","Lot 21078, Jalan Permai 2, Genting Permai Avenue, 69000 Genting Highlands, Pahang, Malaysia",3.387187,101.7736926,"3.387187, 101.7736926"
413,FamilyMart Rembau,"No. 9-G (Ground Floor), Jalan RS 1, Rembau Sentral, 71309 Pekan Rembau, Negeri Sembilan.","No. 9-G (Ground Floor, Jalan RS 1, Rembau Sentral, 71309 Pekan, Negeri Sembilan, Malaysia",2.5885288,102.0988065,"2.5885288, 102.0988065"
414,FamilyMart Caltex Kuantan Bypass,"Kampung Batu Tujuh, 25150 Kuantan, Pahang.","Kampung Batu Tujuh, 25150 Kuantan, Pahang, Malaysia",3.7934177,103.2483684,"3.7934177, 103.2483684"
416,FamilyMart Sendayan,"No. 21, Ground Floor Persiaran Metro Park, Bandar Sri Sendayan, 71950, N9","No 21, Ground Floor, Persiaran Metro Park, Bandar Sri Sendayan, 71950 Seremban, Negeri Sembilan, Malaysia",2.6876583,101.848211,"2.6876583, 101.848211"
420,FamilyMart Radia,"G-23(i), Komersial Radia, Persiaran Tebar Layar, Bukit Jelutong, 40150 Shah Alam, Selangor","G-23, Radia Commercial, Persiaran Arked, Bukit Jelutong, 40150 Shah Alam, Selangor, Malaysia",3.1015497,101.5355576,"3.1015497, 101.5355576"
9999,FamilyMart Subang SS15,"No.20, Jalan SS15/8, 47500 Subang Jaya, Selangor","20, Jalan SS 15/8, Ss 15, 47500 Subang Jaya, Selangor, Malaysia",3.0753576,101.5905182,"3.0753576, 101.5905182"
